{"features":[{"geometry":{"coordinates":[[[16.6144619,49.2184825],[16.6144606,49.2184799],[16.6144615,49.2184773],[16.6144781,49.218467],[16.6144818,49.2184666],[16.614485,49.2184674],[16.6144931,49.2184727],[16.6144956,49.2184702],[16.6145005,49.2184687],[16.6145051,49.2184695],[16.6145084,49.2184723],[16.6145076,49.2184776],[16.6145099,49.2184833],[16.6145092,49.2184856],[16.614491,49.2184976],[16.6144872,49.2184979],[16.6144833,49.2184968],[16.6144619,49.2184825]]],"type":"Polygon"},"properties":{"areaM2":8.2,"category":null,"code":null,"level":0,"namePrinted":null,"spaceId":"0:100"},"type":"Feature"},{"geometry":{"coordinates":[[[16.614495,49.2185043],[16.6144937,49.2185011],[16.6144957,49.2184981],[16.614518,49.2184832],[16.614522,49.2184818],[16.6145273,49.2184826],[16.614537,49.2184888],[16.6145415,49.2184876],[16.6145493,49.2184887],[16.6145561,49.2184945],[16.614556,49.218497],[16.6145542,49.2184991],[16.6145283,49.2185175],[16.6145233,49.2185193],[16.614517,49.2185181],[16.614495,49.2185043]]],"type":"Polygon"},"properties":{"areaM2":11.2,"category":null,"code":null,"level":0,"namePrinted":null,"spaceId":"0:105"},"type":"Feature"},{"geometry":{"coordinates":[[[16.6138644,49.2179072],[16.613863,49.2179043],[16.6138601,49.2178802],[16.6138608,49.2178763],[16.6138661,49.2178736],[16.6138861,49.2178733],[16.6138922,49.2178777],[16.6138999,49.2178798],[16.6139029,49.2178823],[16.6139038,49.2178922],[16.6139061,49.2178943],[16.6139068,49.2178969],[16.6139069,49.2179048],[16.613901,49.2179076],[16.6138723,49.2179095],[16.6138678,49.2179091],[16.6138644,49.2179072]]],"type":"Polygon"},"properties":{"areaM2":11.5,"category":null,"code":null,"level":0,"namePrinted":null,"spaceId":"0:106"},"type":"Feature"},{"geometry":{"coordinates":[[[16.6143873,49.2183877],[16.6143287,49.2183339],[16.6143273,49.2183313],[16.6143293,49.2183277],[16.614339,49.2183242],[16.6143437,49.218325],[16.6143471,49.2183273],[16.6143887,49.2183639],[16.6144028,49.2183748],[16.6144067,49.2183791],[16.6144067,49.2183814],[16.6144048,49.2183836],[16.614395,49.2183885],[16.6143912,49.2183889],[16.6143873,49.2183877]]],"type":"Polygon"},"properties":{"areaM2":13.0,"category":null,"code":null,"level":0,"namePrinted":null,"spaceId":"0:110"},"type":"Feature"},{"geometry":{"coordinates":[[[16.6139134,49.2179358],[16.6139119,49.2179324],[16.6139092,49.217914],[16.6139101,49.2179114],[16.6139135,49.2179094],[16.6139177,49.2179088],[16.6139393,49.2179075],[16.613944,49.2179083],[16.6139472,49.2179107],[16.613957,49.2179228],[16.6139584,49.217929],[16.6139575,49.2179323],[16.6139524,49.2179346],[16.6139276,49.2179365],[16.6139221,49.2179388],[16.6139181,49.2179383],[16.6139134,49.2179358]]],"type":"Polygon"},"properties":{"areaM2":9.7,"category":null,"code":null,"level":0,"namePrinted":null,"spaceId":"0:116"},"type":"Feature"},{"geometry":{"coordinates":[[[16.6145642,49.2185454],[16.6145629,49.2185429],[16.6145638,49.2185402],[16.6145789,49.2185295],[16.6145852,49.2185296],[16.6145919,49.218533],[16.6145991,49.2185282],[16.614605,49.2185282],[16.6146169,49.2185358],[16.6146187,49.2185382],[16.6146182,49.2185415],[16.6146108,49.2185483],[16.6146552,49.2185712],[16.6146616,49.2185692],[16.6146677,49.2185707],[16.6146822,49.2185808],[16.6146835,49.2185833],[16.6146829,49.2185856],[16.6146723,49.2185954],[16.6146681,49.2185969],[16.6146635,49.2185965],[16.614637,49.2185838],[16.6146356,49.2185806],[16.614637,49.2185777],[16.6146347,49.2185768],[16.6146295,49.2185787],[16.6146243,49.2185777],[16.6146057,49.2185679],[16.614604,49.2185651],[16.6146051,49.2185619],[16.6145921,49.2185552],[16.6145871,49.2185566],[16.6145824,49.2185558],[16.6145642,49.2185454]]],"type":"Polygon"},"properties":{"areaM2":22.2,"category":null,"code":null,"level":0,"namePrinted":null,"spaceId":"0:117"},"type":"Feature"},{"geometry":{"coordinates":[[[16.614269,49.218258],[16.6142296,49.2182206],[16.6142088,49.2181914],[16.6142085,49.2181881],[16.6142128,49.2181848],[16.6142227,49.2181821],[16.6142276,49.2181826],[16.6142304,49.2181842],[16.6142325,49.2181839],[16.6142333,49.2181802],[16.6142375,49.2181776],[16.6142647,49.2181699],[16.6142723,49.218171],[16.6142774,49.2181693],[16.6142783,49.2181669],[16.6142824,49.2181646],[16.6142986,49.2181598],[16.6143047,49.2181593],[16.614309,49.2181619],[16.6143114,49.2181615],[16.6143115,49.2181574],[16.6143175,49.218154],[16.6143065,49.2181378],[16.614304,49.2181358],[16.6143013,49.2181355],[16.6142987,49.2181382],[16.6142957,49.2181396],[16.6142246,49.2181601],[16.6142172,49.2181598],[16.614211,49.218164],[16.6141968,49.2181678],[16.6141922,49.218167],[16.6141892,49.2181645],[16.6141734,49.2181384],[16.6141729,49.218135],[16.6141747,49.2181328],[16.6141808,49.2181308],[16.6142299,49.2181191],[16.6142568,49.218115],[16.6142735,49.218111],[16.6142943,49.218104],[16.6143159,49.2180988],[16.6143208,49.2180986],[16.6143255,49.218101],[16.6143325,49.2181122],[16.6143361,49.2181126],[16.6143401,49.2181112],[16.6143433,49.2181113],[16.6143483,49.2181144],[16.6143478,49.2181188],[16.6143559,49.2181319],[16.614355,49.2181346],[16.6143492,49.2181379],[16.6143496,49.2181409],[16.6143879,49.2181943],[16.6144257,49.218239],[16.614442,49.2182549],[16.6144518,49.2182664],[16.6144849,49.2182982],[16.6145225,49.218331],[16.6145568,49.2183581],[16.614558,49.2183621],[16.6145544,49.2183662],[16.614549,49.2183786],[16.6145348,49.2183869],[16.6145299,49.2183871],[16.6145229,49.2183831],[16.6145028,49.2183674],[16.6145004,49.2183668],[16.6144449,49.218397],[16.6144384,49.2183996],[16.6144331,49.2183988],[16.614418,49.2183872],[16.6144167,49.2183847],[16.6144176,49.218382],[16.6144902,49.2183442],[16.6144859,49.2183421],[16.6144571,49.2183568],[16.6144522,49.218357],[16.6144481,49.2183551],[16.6144467,49.2183518],[16.6144497,49.2183388],[16.6144325,49.2183232],[16.6144212,49.218322],[16.6144171,49.2183201],[16.6144163,49.2183158],[16.614411,49.2183105],[16.6144056,49.2183053],[16.6144012,49.2183042],[16.614399,49.2183021],[16.6144006,49.218293],[16.614385,49.2182767],[16.6143745,49.2182752],[16.6143704,49.2182732],[16.6143687,49.2182675],[16.6143598,49.2182578],[16.6143559,49.2182567],[16.6143536,49.2182545],[16.6143534,49.2182515],[16.6143564,49.2182452],[16.6143418,49.2182282],[16.614313,49.2182228],[16.6142872,49.2182321],[16.6142792,49.2182502],[16.6142808,49.2182556],[16.6142767,49.2182588],[16.6142729,49.2182591],[16.614269,49.218258]]],"type":"Polygon"},"properties":{"areaM2":260.9,"category":"circulation","code":"N1075","level":0,"namePrinted":"Hala","spaceId":"0:124"},"type":"Feature"},{"geometry":{"coordinates":[[[16.6138604,49.2178694],[16.613859,49.2178665],[16.6138577,49.2178468],[16.6138597,49.2178439],[16.6138652,49.2178423],[16.6138918,49.2178418],[16.6138976,49.217843],[16.6139132,49.2178636],[16.6139134,49.2178666],[16.6139116,49.2178688],[16.6139076,49.2178702],[16.6138996,49.2178705],[16.6138944,49.2178724],[16.613888,49.2178708],[16.6138666,49.2178718],[16.6138604,49.2178694]]],"type":"Polygon"},"properties":{"areaM2":11.2,"category":null,"code":null,"level":0,"namePrinted":null,"spaceId":"0:129"},"type":"Feature"},{"geometry":{"coordinates":[[[16.6141424,49.2184218],[16.614103,49.2183815],[16.6141007,49.2183787],[16.6141004,49.2183759],[16.6141045,49.2183713],[16.6141052,49.2183667],[16.614107,49.2183646],[16.6141639,49.2183422],[16.6141699,49.2183417],[16.6141744,49.2183439],[16.6141895,49.2183604],[16.6141895,49.2183629],[16.6141876,49.2183651],[16.6141789,49.2183689],[16.6141807,49.2183712],[16.6141855,49.218376],[16.6141965,49.2183721],[16.6142,49.2183725],[16.6142073,49.2183755],[16.6142167,49.2183847],[16.6142169,49.2183878],[16.6142194,49.2183905],[16.6142197,49.2183933],[16.6142178,49.2183955],[16.6141526,49.2184246],[16.6141467,49.2184246],[16.6141424,49.2184218]]],"type":"Polygon"},"properties":{"areaM2":46.1,"category":null,"code":null,"level":0,"namePrinted":null,"spaceId":"0:13"},"type":"Feature"},{"geometry":{"coordinates":[[[16.6141131,49.2181033],[16.6141002,49.2180892],[16.6140991,49.2180863],[16.6141001,49.2180843],[16.6141039,49.2180821],[16.6141262,49.2180778],[16.6141308,49.218077],[16.6141355,49.2180778],[16.6141391,49.2180809],[16.6141456,49.218095],[16.6141449,49.2180989],[16.6141413,49.218101],[16.6141209,49.2181054],[16.6141163,49.218105],[16.6141131,49.2181033]]],"type":"Polygon"},"properties":{"areaM2":7.5,"category":null,"code":null,"level":0,"namePrinted":null,"spaceId":"0:132"},"type":"Feature"},{"geometry":{"coordinates":[[[16.6140927,49.2180802],[16.6140656,49.2180518],[16.6140654,49.2180488],[16.614068,49.2180447],[16.6140676,49.2180392],[16.6140639,49.218035],[16.6140596,49.2180323],[16.6140585,49.2180283],[16.6140603,49.2180261],[16.6140643,49.2180247],[16.614105,49.2180188],[16.6141101,49.2180187],[16.6141129,49.2180197],[16.6141155,49.2180225],[16.6141338,49.2180691],[16.6141339,49.2180718],[16.6141295,49.2180751],[16.6140983,49.218081],[16.6140927,49.2180802]]],"type":"Polygon"},"properties":{"areaM2":25.4,"category":null,"code":null,"level":0,"namePrinted":null,"spaceId":"0:136"},"type":"Feature"},{"geometry":{"coordinates":[[[16.6140392,49.2180225],[16.6140239,49.2180035],[16.6140237,49.2180007],[16.6140255,49.2179986],[16.6140295,49.2179972],[16.6140964,49.2179887],[16.6141003,49.2179887],[16.6141044,49.2179907],[16.6141117,49.2180114],[16.6141097,49.2180151],[16.6141043,49.2180168],[16.6140482,49.2180251],[16.614043,49.2180248],[16.6140392,49.2180225]]],"type":"Polygon"},"properties":{"areaM2":18.4,"category":null,"code":null,"level":0,"namePrinted":null,"spaceId":"0:137"},"type":"Feature"},{"geometry":{"coordinates":[[[16.6143583,49.2183197],[16.6143569,49.2183165],[16.6143589,49.2183136],[16.6143693,49.2183113],[16.6143814,49.2183062],[16.6143834,49.2183033],[16.6143895,49.2183019],[16.6143948,49.218304],[16.6144026,49.2183139],[16.614414,49.2183227],[16.6144153,49.2183259],[16.6144133,49.2183288],[16.614411,49.2183299],[16.6144065,49.2183301],[16.6143925,49.218337],[16.6143905,49.2183397],[16.6143844,49.2183411],[16.6143791,49.218339],[16.6143683,49.2183266],[16.6143583,49.2183197]]],"type":"Polygon"},"properties":{"areaM2":10.2,"category":null,"code":null,"level":0,"namePrinted":null,"spaceId":"0:138"},"type":"Feature"},{"geometry":{"coordinates":[[[16.6141538,49.2184326],[16.6141525,49.2184293],[16.6141545,49.2184264],[16.6142053,49.2184034],[16.6142212,49.2183964],[16.6142265,49.2183962],[16.6142307,49.2183982],[16.6142318,49.2184022],[16.6142283,49.218406],[16.6142275,49.2184113],[16.6142245,49.2184134],[16.6142219,49.2184184],[16.614224,49.218421],[16.6142315,49.2184241],[16.6142328,49.2184267],[16.6142319,49.2184294],[16.6141831,49.218453],[16.6141793,49.2184533],[16.6141754,49.2184522],[16.6141538,49.2184326]]],"type":"Polygon"},"properties":{"areaM2":20.1,"category":null,"code":null,"level":0,"namePrinted":null,"spaceId":"0:14"},"type":"Feature"},{"geometry":{"coordinates":[[[16.6143304,49.2182906],[16.6143225,49.21828],[16.6143118,49.2182705],[16.6143106,49.2182665],[16.6143148,49.2182632],[16.6143205,49.2182631],[16.6143346,49.218258],[16.6143398,49.2182545],[16.6143448,49.2182543],[16.6143489,49.2182562],[16.6143561,49.2182662],[16.6143662,49.2182751],[16.6143673,49.2182791],[16.6143632,49.2182823],[16.6143583,49.2182826],[16.6143436,49.2182888],[16.6143394,49.2182923],[16.6143345,49.2182925],[16.6143304,49.2182906]]],"type":"Polygon"},"properties":{"areaM2":10.1,"category":null,"code":null,"level":0,"namePrinted":null,"spaceId":"0:140"},"type":"Feature"},{"geometry":{"coordinates":[[[16.6140137,49.2179913],[16.6139997,49.217974],[16.6140001,49.2179705],[16.6140038,49.2179681],[16.6140897,49.2179591],[16.6140933,49.2179595],[16.6140964,49.2179612],[16.6141026,49.2179818],[16.6141016,49.2179848],[16.6140979,49.2179869],[16.6140258,49.2179959],[16.6140211,49.2179951],[16.6140137,49.2179913]]],"type":"Polygon"},"properties":{"areaM2":21.8,"category":null,"code":null,"level":0,"namePrinted":null,"spaceId":"0:141"},"type":"Feature"},{"geometry":{"coordinates":[[[16.6141681,49.218126],[16.6141552,49.2181019],[16.6141557,49.2180988],[16.6141596,49.2180963],[16.6141655,49.2180963],[16.6141723,49.2181002],[16.6141786,49.2181018],[16.6141832,49.218102],[16.6141923,49.2180999],[16.6141961,49.2180999],[16.6142025,49.2181033],[16.6142101,49.218105],[16.6142133,49.2181067],[16.6142146,49.2181092],[16.6142137,49.2181119],[16.6142032,49.2181163],[16.6141997,49.2181214],[16.6141957,49.2181237],[16.6141752,49.2181284],[16.6141716,49.218128],[16.6141681,49.218126]]],"type":"Polygon"},"properties":{"areaM2":9.5,"category":"office","code":"N1017","level":0,"namePrinted":"Kancelář","spaceId":"0:144"},"type":"Feature"},{"geometry":{"coordinates":[[[16.6144911,49.2184259],[16.6144898,49.2184227],[16.6144926,49.2184192],[16.6145042,49.2184127],[16.614508,49.2184124],[16.6145119,49.2184135],[16.6145294,49.2184267],[16.6145702,49.2184538],[16.6146068,49.2184762],[16.6146501,49.2185004],[16.6146549,49.2185056],[16.6146624,49.2185072],[16.6146921,49.2185229],[16.6147568,49.2185533],[16.6147622,49.2185578],[16.6147678,49.2185582],[16.6147823,49.2185644],[16.614785,49.2185669],[16.6147853,49.2185698],[16.6147767,49.2185788],[16.6147725,49.2185803],[16.6147679,49.2185799],[16.6147409,49.2185684],[16.6147355,49.2185653],[16.6147278,49.2185545],[16.6147251,49.2185526],[16.6147175,49.2185561],[16.6147117,49.2185552],[16.614646,49.2185221],[16.6146416,49.2185193],[16.6146366,49.218512],[16.6146355,49.2185084],[16.6146328,49.2185058],[16.6146257,49.2185088],[16.614619,49.2185074],[16.614562,49.2184735],[16.6145607,49.218471],[16.6145608,49.2184669],[16.6145584,49.2184643],[16.6145534,49.2184657],[16.6145476,49.2184645],[16.6144911,49.2184259]]],"type":"Polygon"},"properties":{"areaM2":52.4,"category":"circulation","code":"N1027a","level":0,"namePrinted":"Chodba","spaceId":"0:148"},"type":"Feature"},{"geometry":{"coordinates":[[[16.6141843,49.2184605],[16.6141829,49.2184573],[16.6141849,49.2184544],[16.6142263,49.2184351],[16.6142322,49.2184362],[16.6142406,49.2184434],[16.6142419,49.218443],[16.6142429,49.2184403],[16.6142465,49.2184382],[16.6142552,49.2184383],[16.6142595,49.2184402],[16.6142679,49.2184377],[16.6142773,49.2184404],[16.6142805,49.2184434],[16.6142801,49.2184466],[16.6142777,49.2184485],[16.6142129,49.218481],[16.6142087,49.2184807],[16.6142056,49.218479],[16.6141843,49.2184605]]],"type":"Polygon"},"properties":{"areaM2":19.5,"category":null,"code":null,"level":0,"namePrinted":null,"spaceId":"0:15"},"type":"Feature"},{"geometry":{"coordinates":[[[16.6140098,49.2179625],[16.6140084,49.2179593],[16.6140101,49.2179553],[16.6140138,49.217953],[16.614017,49.2179524],[16.6140143,49.2179386],[16.6140153,49.2179366],[16.6140191,49.2179344],[16.6140686,49.2179302],[16.6140741,49.2179282],[16.6140798,49.2179294],[16.6140857,49.2179292],[16.6140899,49.2179311],[16.6140951,49.2179519],[16.6140941,49.2179548],[16.6140908,49.2179568],[16.6140165,49.2179646],[16.614013,49.2179642],[16.6140098,49.2179625]]],"type":"Polygon"},"properties":{"areaM2":18.7,"category":null,"code":null,"level":0,"namePrinted":null,"spaceId":"0:152"},"type":"Feature"},{"geometry":{"coordinates":[[[16.6146658,49.2185689],[16.6146645,49.2185663],[16.6146651,49.218564],[16.6146715,49.2185584],[16.6146655,49.2185551],[16.6146644,49.2185511],[16.6146662,49.2185489],[16.6146726,49.2185475],[16.6146781,49.2185439],[16.6146818,49.2185436],[16.6146851,49.2185443],[16.6147076,49.2185552],[16.6147099,49.2185573],[16.6147091,49.2185618],[16.6146907,49.2185785],[16.6146879,49.2185797],[16.6146842,49.2185801],[16.614681,49.2185793],[16.6146658,49.2185689]]],"type":"Polygon"},"properties":{"areaM2":8.8,"category":null,"code":null,"level":0,"namePrinted":null,"spaceId":"0:159"},"type":"Feature"},{"geometry":{"coordinates":[[[16.6142178,49.2184876],[16.6142164,49.2184844],[16.6142185,49.2184814],[16.6142724,49.2184539],[16.6142761,49.2184535],[16.6142794,49.2184543],[16.614284,49.2184596],[16.6142879,49.218461],[16.6142952,49.2184617],[16.6142992,49.2184646],[16.6142995,49.2184674],[16.6142966,49.2184712],[16.6142983,49.2184734],[16.6142983,49.2184783],[16.6142962,49.2184815],[16.6142489,49.2185071],[16.6142452,49.2185075],[16.6142412,49.2185064],[16.6142178,49.2184876]]],"type":"Polygon"},"properties":{"areaM2":20.3,"category":null,"code":null,"level":0,"namePrinted":null,"spaceId":"0:16"},"type":"Feature"},{"geometry":{"coordinates":[[[16.6139884,49.2179288],[16.6139844,49.2179095],[16.6139864,49.2179058],[16.6139906,49.2179044],[16.6140116,49.2179031],[16.614018,49.2179043],[16.6140208,49.2179072],[16.6140236,49.2179238],[16.6140242,49.2179282],[16.6140222,49.2179312],[16.6140177,49.2179327],[16.6140103,49.2179332],[16.6140067,49.2179324],[16.6140042,49.2179304],[16.6139939,49.217931],[16.6139884,49.2179288]]],"type":"Polygon"},"properties":{"areaM2":8.0,"category":"service","code":"N1063","level":0,"namePrinted":"Sklad","spaceId":"0:160"},"type":"Feature"},{"geometry":{"coordinates":[[[16.6146914,49.2185865],[16.61469,49.2185839],[16.614691,49.218581],[16.6147126,49.2185612],[16.6147152,49.2185601],[16.6147189,49.2185597],[16.6147227,49.2185607],[16.6147321,49.218565],[16.6147381,49.2185697],[16.6147392,49.2185737],[16.6147352,49.2185773],[16.6147333,49.2185827],[16.6147297,49.2185847],[16.6147254,49.2185852],[16.6147167,49.2185945],[16.6147129,49.2185967],[16.6147091,49.2185971],[16.6147055,49.2185962],[16.6146914,49.2185865]]],"type":"Polygon"},"properties":{"areaM2":8.8,"category":null,"code":null,"level":0,"namePrinted":null,"spaceId":"0:164"},"type":"Feature"},{"geometry":{"coordinates":[[[16.6141365,49.21806],[16.6141182,49.2180127],[16.6141019,49.2179554],[16.6140933,49.2179127],[16.6140954,49.2179088],[16.6140996,49.2179073],[16.6141106,49.2179086],[16.6141151,49.2179122],[16.6141279,49.2179701],[16.6141268,49.217973],[16.6141234,49.2179753],[16.6141265,49.2179862],[16.6141286,49.2179934],[16.6141331,49.2179947],[16.614136,49.2179981],[16.6141463,49.2180292],[16.6141563,49.2180537],[16.6141562,49.218056],[16.6141544,49.2180581],[16.6141459,49.218062],[16.614141,49.2180623],[16.6141365,49.21806]]],"type":"Polygon"},"properties":{"areaM2":26.1,"category":null,"code":null,"level":0,"namePrinted":null,"spaceId":"0:166"},"type":"Feature"},{"geometry":{"coordinates":[[[16.6145223,49.2184184],[16.6145186,49.21841],[16.6145181,49.2184064],[16.6145202,49.2184032],[16.6145935,49.2183603],[16.6146,49.218358],[16.6146059,49.2183594],[16.6146462,49.2183872],[16.6147141,49.2184284],[16.6147632,49.2184546],[16.614832,49.2184877],[16.6148334,49.2184909],[16.6148297,49.2184975],[16.6148242,49.2185007],[16.6148064,49.2185182],[16.6148048,49.2185212],[16.6148056,49.2185258],[16.6148134,49.2185319],[16.6148132,49.2185356],[16.6147896,49.2185599],[16.6147835,49.2185613],[16.6147767,49.2185591],[16.614774,49.2185556],[16.6147754,49.2185518],[16.6147714,49.21855],[16.6147677,49.2185503],[16.6147637,49.2185492],[16.6147608,49.2185451],[16.6147533,49.2185416],[16.6147518,49.2185382],[16.6147538,49.2185353],[16.6147578,49.2185339],[16.614761,49.218534],[16.614768,49.2185358],[16.6147707,49.2185379],[16.6147844,49.218544],[16.6147938,49.2185348],[16.6147805,49.2185287],[16.614774,49.2185278],[16.6147212,49.2185024],[16.614712,49.2185102],[16.6147146,49.218514],[16.6147126,49.2185176],[16.614708,49.218519],[16.6147028,49.218518],[16.6146971,49.2185204],[16.6146919,49.2185194],[16.6146685,49.2185071],[16.6146668,49.2185036],[16.6146687,49.2185002],[16.6146657,49.2184987],[16.6146617,49.2184987],[16.6146589,49.2184977],[16.614656,49.2184934],[16.6146505,49.2184905],[16.6146443,49.2184927],[16.6146389,49.2184916],[16.6146359,49.2184878],[16.6146381,49.2184834],[16.6146357,49.2184824],[16.6146324,49.2184842],[16.6146275,49.2184844],[16.61462,49.2184808],[16.6145734,49.2184526],[16.6145719,49.2184492],[16.6145744,49.2184451],[16.6145723,49.2184441],[16.6145668,49.2184461],[16.6145615,49.2184449],[16.6145223,49.2184184]]],"type":"Polygon"},"properties":{"areaM2":200.5,"category":"other","code":"N1027","level":0,"namePrinted":"Jídelna","spaceId":"0:169"},"type":"Feature"},{"geometry":{"coordinates":[[[16.6140867,49.2183639],[16.614066,49.2183402],[16.6140575,49.2183297],[16.6140568,49.2183271],[16.6140589,49.2183241],[16.6140621,49.2183227],[16.6140837,49.2183155],[16.6140781,49.218308],[16.6140721,49.2183084],[16.6140679,49.2183065],[16.6140666,49.2183033],[16.6140686,49.2183003],[16.6141008,49.2182893],[16.6141045,49.2182889],[16.6141082,49.2182897],[16.6141111,49.2182918],[16.6141363,49.2183226],[16.6141426,49.2183247],[16.6141448,49.2183268],[16.614145,49.2183299],[16.6141495,49.2183319],[16.6141509,49.2183351],[16.6141494,49.2183375],[16.6141518,49.2183421],[16.6141498,49.218345],[16.6141452,49.2183471],[16.6140975,49.2183657],[16.6140913,49.2183663],[16.6140867,49.2183639]]],"type":"Polygon"},"properties":{"areaM2":35.3,"category":null,"code":null,"level":0,"namePrinted":null,"spaceId":"0:17"},"type":"Feature"},{"geometry":{"coordinates":[[[16.6139845,49.2178999],[16.6139832,49.2178974],[16.6139814,49.2178811],[16.6139824,49.2178788],[16.6139858,49.2178769],[16.6140761,49.2178726],[16.6140811,49.2178734],[16.6140844,49.2178762],[16.6140869,49.2178915],[16.614086,49.2178935],[16.6140826,49.2178955],[16.6140777,49.2178957],[16.614071,49.217892],[16.6140637,49.2178906],[16.6140624,49.2178959],[16.6140571,49.2178984],[16.6140458,49.2178988],[16.6140379,49.2178938],[16.6140317,49.2178926],[16.6140305,49.2178927],[16.6140299,49.2178979],[16.6140248,49.2179003],[16.6139916,49.2179023],[16.6139881,49.2179019],[16.6139845,49.2178999]]],"type":"Polygon"},"properties":{"areaM2":19.3,"category":"circulation","code":"N1062","level":0,"namePrinted":"Chodba","spaceId":"0:174"},"type":"Feature"},{"geometry":{"coordinates":[[[16.6147351,49.2185976],[16.6147338,49.218595],[16.6147347,49.2185924],[16.614748,49.2185793],[16.6147531,49.2185777],[16.6147578,49.2185785],[16.6147853,49.2185898],[16.6147884,49.2185918],[16.6147897,49.2185943],[16.6147891,49.2185966],[16.6147779,49.2186085],[16.6147686,49.2186109],[16.6147639,49.2186101],[16.6147351,49.2185976]]],"type":"Polygon"},"properties":{"areaM2":9.3,"category":"other","code":"N1032b","level":0,"namePrinted":"Kuchyně","spaceId":"0:179"},"type":"Feature"},{"geometry":{"coordinates":[[[16.6142509,49.2185141],[16.6142495,49.2185109],[16.6142515,49.218508],[16.6142939,49.2184848],[16.6143005,49.2184823],[16.6143057,49.218483],[16.6143137,49.2184889],[16.6143186,49.21849],[16.6143214,49.2184925],[16.6143218,49.2184948],[16.6143306,49.2185025],[16.6143302,49.2185057],[16.614328,49.2185075],[16.6142858,49.2185322],[16.6142813,49.2185338],[16.6142747,49.2185323],[16.6142509,49.2185141]]],"type":"Polygon"},"properties":{"areaM2":18.8,"category":null,"code":null,"level":0,"namePrinted":null,"spaceId":"0:18"},"type":"Feature"},{"geometry":{"coordinates":[[[16.6148242,49.218663],[16.6148205,49.2186588],[16.6148211,49.2186565],[16.614846,49.2186269],[16.6148494,49.2186249],[16.6148553,49.218625],[16.6148604,49.2186285],[16.61488,49.2186288],[16.6148917,49.2186333],[16.614893,49.2186359],[16.6148923,49.2186384],[16.614868,49.2186705],[16.6148628,49.2186744],[16.614857,49.2186744],[16.6148242,49.218663]]],"type":"Polygon"},"properties":{"areaM2":18.0,"category":"circulation","code":"N1035","level":0,"namePrinted":"Rampa","spaceId":"0:183"},"type":"Feature"},{"geometry":{"coordinates":[[[16.6141949,49.218059],[16.6141922,49.2180533],[16.6141927,49.2180501],[16.6141964,49.2180478],[16.6142021,49.2180467],[16.6142106,49.2180366],[16.6142062,49.218026],[16.6141917,49.2180204],[16.6141858,49.2180213],[16.6141822,49.2180209],[16.6141778,49.2180177],[16.614171,49.2179954],[16.6141753,49.2179921],[16.6141819,49.2179911],[16.6141911,49.2179824],[16.6141912,49.2179806],[16.6141879,49.2179706],[16.6141741,49.2179645],[16.6141657,49.217965],[16.6141614,49.2179629],[16.6141583,49.2179528],[16.6141589,49.2179505],[16.6141571,49.2179482],[16.6141553,49.2179407],[16.6141574,49.2179368],[16.6141597,49.2179357],[16.6141671,49.2179349],[16.6141773,49.2179261],[16.6141754,49.2179149],[16.6141618,49.217908],[16.6141557,49.2179083],[16.6141517,49.2179072],[16.6141495,49.2179051],[16.6141479,49.217899],[16.61415,49.2178958],[16.6141542,49.2178943],[16.6142257,49.2178901],[16.6142296,49.2178912],[16.614232,49.2178935],[16.6142346,49.2179072],[16.6142335,49.2179095],[16.6142302,49.2179115],[16.6142196,49.2179125],[16.6142192,49.2179138],[16.6142297,49.217913],[16.6142354,49.2179151],[16.614239,49.2179302],[16.6142381,49.2179322],[16.6142342,49.2179344],[16.6142238,49.2179355],[16.6142239,49.2179366],[16.614236,49.2179361],[16.6142412,49.2179393],[16.6142499,49.2179727],[16.6142582,49.2179986],[16.6142562,49.2180023],[16.6142444,49.2180047],[16.614244,49.218006],[16.6142551,49.2180048],[16.614261,49.2180071],[16.6142661,49.2180193],[16.6142663,49.2180224],[16.6142645,49.2180246],[16.6142617,49.2180259],[16.6142528,49.2180272],[16.6142526,49.2180286],[16.6142626,49.218027],[16.614268,49.2180282],[16.6142705,49.2180306],[16.6142756,49.2180438],[16.6142746,49.2180461],[16.6142712,49.2180481],[16.6142095,49.2180598],[16.6142002,49.2180611],[16.6141949,49.218059]]],"type":"Polygon"},"properties":{"areaM2":97.6,"category":"other","code":"N1015","level":0,"namePrinted":"Klub","spaceId":"0:189"},"type":"Feature"},{"geometry":{"coordinates":[[[16.6141515,49.2179865],[16.6141485,49.2179789],[16.6141486,49.2179757],[16.6141549,49.217969],[16.6141587,49.2179668],[16.6141714,49.2179651],[16.6141747,49.2179654],[16.6141871,49.2179712],[16.6141903,49.2179794],[16.6141902,49.2179822],[16.6141834,49.2179891],[16.6141801,49.2179911],[16.6141645,49.2179926],[16.6141515,49.2179865]]],"type":"Polygon"},"properties":{"areaM2":7.1,"category":null,"code":null,"level":0,"namePrinted":null,"spaceId":"0:203"},"type":"Feature"},{"geometry":{"coordinates":[[[16.6144795,49.2182869],[16.6144781,49.2182837],[16.6144801,49.2182808],[16.6145388,49.2182545],[16.6145437,49.2182543],[16.6145508,49.2182587],[16.6145949,49.2182973],[16.6145989,49.2183013],[16.6145991,49.2183042],[16.6145973,49.2183063],[16.6145555,49.2183284],[16.6145438,49.2183281],[16.6145365,49.2183309],[16.6145316,49.2183311],[16.6145275,49.2183292],[16.6145137,49.2183175],[16.6145123,49.2183143],[16.6145148,49.2183111],[16.6145137,49.2183098],[16.6145016,49.2183068],[16.6144795,49.2182869]]],"type":"Polygon"},"properties":{"areaM2":43.2,"category":"other","code":"N1022","level":0,"namePrinted":"Salónek 1","spaceId":"0:205"},"type":"Feature"},{"geometry":{"coordinates":[[[16.6144515,49.2182603],[16.6144504,49.2182563],[16.614456,49.2182506],[16.61446,49.2182492],[16.6144681,49.2182485],[16.614476,49.2182446],[16.6144782,49.2182421],[16.6144793,49.2182377],[16.6144772,49.2182321],[16.6144694,49.2182274],[16.614463,49.2182262],[16.614457,49.2182267],[16.6144488,49.21823],[16.6144428,49.2182386],[16.6144388,49.21824],[16.6144356,49.2182399],[16.6144315,49.2182379],[16.6144224,49.2182281],[16.6144208,49.218225],[16.6144215,49.2182227],[16.6144254,49.2182202],[16.6144833,49.2181987],[16.614487,49.218198],[16.6144905,49.2181984],[16.6144942,49.2182005],[16.6145374,49.2182461],[16.614539,49.2182492],[16.6145384,49.2182515],[16.6145298,49.2182561],[16.6144767,49.2182792],[16.6144726,49.2182788],[16.6144694,49.2182771],[16.6144515,49.2182603]]],"type":"Polygon"},"properties":{"areaM2":38.0,"category":"other","code":"N1021","level":0,"namePrinted":"Salónek 2","spaceId":"0:206"},"type":"Feature"},{"geometry":{"coordinates":[[[16.6145531,49.218352],[16.6145517,49.2183488],[16.6145529,49.2183437],[16.6145489,49.2183383],[16.6145496,49.2183348],[16.6146003,49.2183075],[16.614604,49.2183071],[16.6146084,49.2183083],[16.6146313,49.2183253],[16.6146326,49.2183285],[16.6146306,49.2183315],[16.6145895,49.2183549],[16.614579,49.2183548],[16.6145679,49.2183576],[16.6145626,49.2183555],[16.614557,49.2183547],[16.6145531,49.218352]]],"type":"Polygon"},"properties":{"areaM2":19.9,"category":"other","code":"N1023","level":0,"namePrinted":"Jídelna","spaceId":"0:208"},"type":"Feature"},{"geometry":{"coordinates":[[[16.6148169,49.2185995],[16.6148155,49.2185963],[16.614818,49.2185924],[16.6148184,49.218588],[16.614826,49.2185845],[16.6148309,49.2185843],[16.6148714,49.2185994],[16.6149085,49.2186119],[16.6149123,49.2186149],[16.6149189,49.2186153],[16.6149526,49.218626],[16.6149572,49.21863],[16.614957,49.2186337],[16.6149533,49.218636],[16.6149479,49.2186367],[16.6149412,49.2186398],[16.6149355,49.2186399],[16.6149099,49.2186318],[16.6149044,49.2186311],[16.6148697,49.2186195],[16.6148261,49.2186036],[16.6148169,49.2185995]]],"type":"Polygon"},"properties":{"areaM2":21.4,"category":"circulation","code":"N1036","level":0,"namePrinted":"Chodba","spaceId":"0:209"},"type":"Feature"},{"geometry":{"coordinates":[[[16.6140361,49.218303],[16.6140319,49.2182966],[16.6140339,49.218293],[16.6140595,49.2182847],[16.6140599,49.2182834],[16.6140546,49.2182768],[16.6140302,49.2182846],[16.6140264,49.2182849],[16.6140232,49.2182841],[16.6140186,49.2182795],[16.6140186,49.2182772],[16.6140204,49.218275],[16.6140458,49.2182666],[16.6140462,49.2182653],[16.6140406,49.2182588],[16.6140179,49.2182663],[16.6140124,49.2182665],[16.6140078,49.2182641],[16.6140049,49.2182585],[16.6140058,49.2182565],[16.6140092,49.2182545],[16.6140238,49.2182508],[16.6140199,49.2182445],[16.6140202,49.2182409],[16.6140248,49.2182381],[16.6140351,49.2182355],[16.6140401,49.2182364],[16.6140457,49.2182394],[16.614053,49.2182404],[16.614057,49.2182428],[16.6140882,49.2182864],[16.6140887,49.2182885],[16.6140877,49.2182905],[16.6140843,49.2182925],[16.6140458,49.2183054],[16.6140408,49.2183056],[16.6140361,49.218303]]],"type":"Polygon"},"properties":{"areaM2":23.1,"category":null,"code":null,"level":0,"namePrinted":null,"spaceId":"0:21"},"type":"Feature"},{"geometry":{"coordinates":[[[16.6144127,49.218217],[16.614397,49.218198],[16.6143972,49.2181944],[16.6144004,49.2181915],[16.6143962,49.2181889],[16.6143909,49.2181878],[16.6143875,49.2181859],[16.614372,49.2181649],[16.6143714,49.2181613],[16.6143732,49.2181592],[16.6143762,49.2181578],[16.6144369,49.2181396],[16.6144424,49.2181393],[16.614447,49.2181417],[16.6144851,49.2181901],[16.6144857,49.2181936],[16.6144839,49.2181958],[16.6144793,49.2181979],[16.614422,49.218219],[16.6144171,49.2182192],[16.6144127,49.218217]]],"type":"Polygon"},"properties":{"areaM2":44.1,"category":"other","code":"N1020","level":0,"namePrinted":"Salónek","spaceId":"0:211"},"type":"Feature"},{"geometry":{"coordinates":[[[16.6147982,49.2185603],[16.6147969,49.2185577],[16.6147975,49.2185554],[16.6148202,49.2185315],[16.6148093,49.2185264],[16.6148073,49.2185232],[16.6148081,49.2185202],[16.6148157,49.2185124],[16.6148198,49.218511],[16.6148234,49.2185112],[16.6148542,49.2185244],[16.6148553,49.2185283],[16.6148498,49.2185338],[16.6148517,49.2185359],[16.6148512,49.218539],[16.614823,49.2185697],[16.6148196,49.2185717],[16.6148159,49.218572],[16.6148119,49.2185709],[16.6148065,49.2185639],[16.6147982,49.2185603]]],"type":"Polygon"},"properties":{"areaM2":15.7,"category":"service","code":"N1037","level":0,"namePrinted":"Sklad","spaceId":"0:215"},"type":"Feature"},{"geometry":{"coordinates":[[[16.6143056,49.2180936],[16.6142937,49.2180711],[16.614293,49.2180672],[16.6142975,49.2180638],[16.6143108,49.2180611],[16.6143118,49.2180591],[16.614317,49.2180565],[16.6143187,49.2180539],[16.6143154,49.2180466],[16.6143162,49.2180422],[16.6143149,49.218039],[16.6143116,49.2180369],[16.6143079,49.2180289],[16.6143034,49.2180246],[16.6143042,49.2180202],[16.6143011,49.2180122],[16.6143025,49.2180086],[16.6143012,49.2180051],[16.614297,49.2180019],[16.6142931,49.2179933],[16.6142843,49.2179921],[16.6142819,49.2179905],[16.6142805,49.2179876],[16.6142672,49.2179893],[16.6142637,49.2179889],[16.6142605,49.2179872],[16.6142551,49.2179721],[16.6142569,49.2179664],[16.6142611,49.2179606],[16.6142639,49.2179594],[16.6142725,49.2179584],[16.6142748,49.2179551],[16.6142802,49.217953],[16.6142812,49.2179514],[16.6142792,49.2179434],[16.6142813,49.2179392],[16.6142804,49.2179358],[16.6142769,49.2179331],[16.614275,49.2179252],[16.6142719,49.217921],[16.6142734,49.2179165],[16.6142719,49.2179091],[16.6142739,49.2179057],[16.6142734,49.2179023],[16.6142702,49.2178993],[16.6142686,49.2178908],[16.6142611,49.2178882],[16.6142576,49.2178846],[16.6142557,49.2178841],[16.6141074,49.217893],[16.6141017,49.2178908],[16.6140991,49.2178862],[16.6140986,49.2178783],[16.6141039,49.2178732],[16.6141084,49.2178716],[16.6142267,49.2178665],[16.614226,49.2178513],[16.6142301,49.2178458],[16.6142307,49.2178428],[16.6142267,49.217841],[16.6142254,49.2178385],[16.6142243,49.2178122],[16.6142264,49.2178087],[16.6142305,49.2178073],[16.6142357,49.2178081],[16.6142461,49.217813],[16.6142516,49.2178272],[16.6142597,49.2178397],[16.6142752,49.2178543],[16.6142903,49.2178636],[16.6142984,49.2178738],[16.6143005,49.2178749],[16.6143054,49.2178733],[16.6143108,49.2178745],[16.6143135,49.217878],[16.614312,49.2178834],[16.6143159,49.2178854],[16.6143335,49.2178846],[16.6143379,49.2178858],[16.6143401,49.2178879],[16.6143516,49.2179432],[16.6143506,49.2179452],[16.6143472,49.2179472],[16.6143282,49.2179494],[16.6143264,49.2179506],[16.6143286,49.2179517],[16.6143476,49.2179495],[16.6143535,49.2179518],[16.6143729,49.2180076],[16.6143719,49.2180102],[16.6143686,49.2180122],[16.6143496,49.2180155],[16.6143489,49.2180167],[16.6143509,49.2180176],[16.6143694,49.2180143],[16.6143729,49.2180147],[16.6143764,49.2180167],[16.6144022,49.2180701],[16.6144017,49.2180734],[16.6143977,49.2180759],[16.6143657,49.2180833],[16.6143613,49.2180856],[16.6143483,49.2180886],[16.6143441,49.2180885],[16.6143131,49.2180958],[16.6143089,49.2180955],[16.6143056,49.2180936]]],"type":"Polygon"},"properties":{"areaM2":182.4,"category":"circulation","code":"N1019","level":0,"namePrinted":"Chodba","spaceId":"0:217"},"type":"Feature"},{"geometry":{"coordinates":[[[16.6143683,49.2181526],[16.614359,49.2181393],[16.614359,49.2181371],[16.6143608,49.2181349],[16.6143654,49.2181334],[16.6143722,49.2181346],[16.6143889,49.2181304],[16.614395,49.2181222],[16.6143997,49.2181207],[16.614405,49.2181219],[16.614417,49.2181383],[16.6144172,49.2181411],[16.6144154,49.2181433],[16.614378,49.2181549],[16.6143731,49.2181552],[16.6143683,49.2181526]]],"type":"Polygon"},"properties":{"areaM2":9.1,"category":null,"code":null,"level":0,"namePrinted":null,"spaceId":"0:218"},"type":"Feature"},{"geometry":{"coordinates":[[[16.6143545,49.2181283],[16.6143489,49.2181182],[16.6143558,49.2181079],[16.6143718,49.2181035],[16.6143863,49.2181068],[16.6143894,49.2181085],[16.6143955,49.218119],[16.6143888,49.2181295],[16.614376,49.2181333],[16.6143714,49.2181339],[16.6143583,49.2181306],[16.6143545,49.2181283]]],"type":"Polygon"},"properties":{"areaM2":8.3,"category":"circulation","code":"N1075b","level":0,"namePrinted":"Zádveří","spaceId":"0:221"},"type":"Feature"},{"geometry":{"coordinates":[[[16.6146059,49.218359],[16.6146045,49.2183557],[16.6146075,49.2183521],[16.6146377,49.218335],[16.6146415,49.2183346],[16.6146454,49.2183357],[16.6146718,49.218355],[16.6147449,49.2184002],[16.614772,49.2184151],[16.6148226,49.2184406],[16.6148617,49.2184584],[16.614863,49.2184609],[16.6148624,49.2184632],[16.6148399,49.2184854],[16.6148353,49.2184868],[16.6148297,49.2184858],[16.6147871,49.2184661],[16.6147353,49.2184397],[16.6146668,49.2183998],[16.6146059,49.218359]]],"type":"Polygon"},"properties":{"areaM2":84.2,"category":null,"code":null,"level":0,"namePrinted":null,"spaceId":"0:223"},"type":"Feature"},{"geometry":{"coordinates":[[[16.6148311,49.2185705],[16.6148297,49.2185679],[16.6148307,49.2185653],[16.6148603,49.2185333],[16.6148639,49.2185312],[16.6148679,49.2185305],[16.6148722,49.218531],[16.6149054,49.218544],[16.6149067,49.2185466],[16.614906,49.2185491],[16.6148726,49.2185892],[16.6148692,49.2185911],[16.6148633,49.2185911],[16.6148495,49.2185859],[16.6148437,49.2185778],[16.614839,49.2185741],[16.6148311,49.2185705]]],"type":"Polygon"},"properties":{"areaM2":21.9,"category":"service","code":"N1039","level":0,"namePrinted":"Sklad","spaceId":"0:224"},"type":"Feature"},{"geometry":{"coordinates":[[[16.6148781,49.2185918],[16.6148768,49.2185893],[16.6148774,49.2185869],[16.6149093,49.218549],[16.6149133,49.2185476],[16.6149169,49.2185478],[16.6149423,49.2185571],[16.6149436,49.2185613],[16.6149307,49.2185804],[16.6149368,49.218583],[16.6149381,49.2185872],[16.6149208,49.2186099],[16.6149165,49.2186114],[16.6149129,49.2186113],[16.6148975,49.2186061],[16.6148942,49.2186034],[16.6148938,49.2185991],[16.6148903,49.2185948],[16.6148876,49.2185936],[16.6148822,49.2185937],[16.6148781,49.2185918]]],"type":"Polygon"},"properties":{"areaM2":20.6,"category":"service","code":"N1040","level":0,"namePrinted":"Sklad","spaceId":"0:229"},"type":"Feature"},{"geometry":{"coordinates":[[[16.6140865,49.2178338],[16.6140851,49.2178309],[16.6140848,49.2178126],[16.6140868,49.2178096],[16.6140908,49.2178082],[16.6141893,49.2178083],[16.6141951,49.2178106],[16.6141965,49.2178168],[16.6141996,49.2178196],[16.6141991,49.2178228],[16.6141966,49.2178246],[16.6141959,49.2178314],[16.6141905,49.2178341],[16.6140934,49.2178361],[16.6140898,49.2178357],[16.6140865,49.2178338]]],"type":"Polygon"},"properties":{"areaM2":24.0,"category":null,"code":null,"level":0,"namePrinted":null,"spaceId":"0:232"},"type":"Feature"},{"geometry":{"coordinates":[[[16.6149246,49.2186145],[16.6149233,49.218612],[16.6149239,49.2186096],[16.6149358,49.2185941],[16.6149395,49.218592],[16.6149513,49.2185917],[16.6149609,49.218595],[16.6149647,49.2185921],[16.61497,49.218592],[16.6149817,49.2185954],[16.6149846,49.2185979],[16.6149847,49.2186012],[16.6149823,49.2186048],[16.614977,49.2186072],[16.6149713,49.2186067],[16.614968,49.2186114],[16.6149674,49.2186143],[16.6149637,49.2186167],[16.61496,49.2186171],[16.6149507,49.2186154],[16.6149374,49.2186188],[16.6149283,49.2186164],[16.6149246,49.2186145]]],"type":"Polygon"},"properties":{"areaM2":9.4,"category":"service","code":"N1041","level":0,"namePrinted":"Sklad","spaceId":"0:233"},"type":"Feature"},{"geometry":{"coordinates":[[[16.6145386,49.2182456],[16.614495,49.2181997],[16.6144947,49.2181969],[16.6144966,49.2181947],[16.6145102,49.2181892],[16.6145155,49.218189],[16.6145197,49.2181909],[16.6145486,49.2182223],[16.614563,49.2182362],[16.6145633,49.218239],[16.6145614,49.2182412],[16.6145476,49.2182473],[16.6145427,49.2182475],[16.6145386,49.2182456]]],"type":"Polygon"},"properties":{"areaM2":13.7,"category":"terrace","code":"N1021a","level":0,"namePrinted":"Terasa","spaceId":"0:235"},"type":"Feature"},{"geometry":{"coordinates":[[[16.6145497,49.218256],[16.6145483,49.2182528],[16.6145504,49.2182499],[16.614564,49.2182439],[16.6145677,49.2182435],[16.6145716,49.2182447],[16.6146204,49.2182873],[16.6146217,49.2182905],[16.6146194,49.2182938],[16.6146072,49.2183001],[16.6146034,49.2183004],[16.6145995,49.2182993],[16.6145497,49.218256]]],"type":"Polygon"},"properties":{"areaM2":13.7,"category":null,"code":null,"level":0,"namePrinted":null,"spaceId":"0:236"},"type":"Feature"},{"geometry":{"coordinates":[[[16.6144854,49.2181888],[16.6144483,49.2181409],[16.6144483,49.2181386],[16.6144501,49.2181365],[16.6144669,49.2181313],[16.6144711,49.2181316],[16.6144746,49.2181336],[16.6144886,49.2181533],[16.6145112,49.2181811],[16.6145113,49.2181837],[16.6145095,49.2181859],[16.6144959,49.2181912],[16.6144904,49.2181915],[16.6144854,49.2181888]]],"type":"Polygon"},"properties":{"areaM2":13.7,"category":null,"code":null,"level":0,"namePrinted":null,"spaceId":"0:241"},"type":"Feature"},{"geometry":{"coordinates":[[[16.6148336,49.2185124],[16.6148324,49.2185084],[16.6148368,49.2185044],[16.6148376,49.218502],[16.6148349,49.2184956],[16.6148357,49.2184927],[16.614865,49.2184641],[16.614869,49.2184627],[16.6148736,49.2184631],[16.6149034,49.2184763],[16.6149051,49.2184791],[16.6149044,49.2184817],[16.6148668,49.218522],[16.6148625,49.2185235],[16.6148584,49.2185231],[16.6148336,49.2185124]]],"type":"Polygon"},"properties":{"areaM2":20.8,"category":"office","code":"N1027d","level":0,"namePrinted":"Kancelář","spaceId":"0:244"},"type":"Feature"},{"geometry":{"coordinates":[[[16.6140888,49.2178044],[16.6140874,49.2177994],[16.614089,49.2177955],[16.6140894,49.2177881],[16.6140913,49.217786],[16.6140953,49.2177846],[16.6141392,49.2177855],[16.614144,49.2177849],[16.6141533,49.2177878],[16.6141557,49.2177897],[16.6141664,49.2177891],[16.6141711,49.2177916],[16.6141754,49.2177924],[16.6141801,49.2177916],[16.6141878,49.2177924],[16.6141904,49.2177916],[16.614192,49.2177896],[16.614195,49.2177882],[16.6142044,49.217788],[16.6142091,49.2177892],[16.6142116,49.2177919],[16.6142116,49.2177941],[16.6142085,49.217798],[16.6142079,49.2178039],[16.614202,49.2178068],[16.6140957,49.2178067],[16.6140922,49.2178063],[16.6140888,49.2178044]]],"type":"Polygon"},"properties":{"areaM2":18.7,"category":"service","code":"N1006","level":0,"namePrinted":"Šatna","spaceId":"0:247"},"type":"Feature"},{"geometry":{"coordinates":[[[16.6146799,49.2183585],[16.6146786,49.2183553],[16.6146809,49.218352],[16.6146927,49.218345],[16.6146965,49.2183446],[16.6146997,49.2183454],[16.6147591,49.2183822],[16.6147608,49.2183851],[16.6147598,49.2183878],[16.6147476,49.2183963],[16.6147438,49.2183966],[16.6147401,49.2183957],[16.6146799,49.2183585]]],"type":"Polygon"},"properties":{"areaM2":13.8,"category":"terrace","code":"N1027f","level":0,"namePrinted":"Terasa","spaceId":"0:248"},"type":"Feature"},{"geometry":{"coordinates":[[[16.6149727,49.218629],[16.6149714,49.2186265],[16.6149721,49.2186237],[16.6150021,49.2185801],[16.6150057,49.218578],[16.6150094,49.2185776],[16.6150221,49.2185811],[16.6150254,49.2185843],[16.6150249,49.2185876],[16.6149949,49.2186328],[16.6149916,49.2186348],[16.6149859,49.218635],[16.6149727,49.218629]]],"type":"Polygon"},"properties":{"areaM2":11.9,"category":"service","code":"N1042","level":0,"namePrinted":"Sklad","spaceId":"0:250"},"type":"Feature"},{"geometry":{"coordinates":[[[16.6148724,49.2185273],[16.6148711,49.2185248],[16.6148717,49.2185224],[16.6148924,49.2185002],[16.6148969,49.2184973],[16.6149031,49.2184973],[16.6149319,49.2185083],[16.6149351,49.2185109],[16.6149348,49.2185148],[16.6149161,49.218538],[16.6149118,49.2185404],[16.6149055,49.2185403],[16.6148724,49.2185273]]],"type":"Polygon"},"properties":{"areaM2":14.1,"category":"other","code":"N1047","level":0,"namePrinted":"Garáž","spaceId":"0:251"},"type":"Feature"},{"geometry":{"coordinates":[[[16.6140912,49.2177804],[16.6140897,49.2177774],[16.6140902,49.2177659],[16.6140909,49.2177598],[16.6140927,49.2177576],[16.6140967,49.2177562],[16.6141034,49.2177563],[16.6141063,49.2177546],[16.6141101,49.2177542],[16.6141153,49.2177565],[16.6141259,49.2177569],[16.6141301,49.2177588],[16.6141316,49.2177615],[16.6141308,49.2177785],[16.6141287,49.2177815],[16.6141236,49.2177831],[16.6140976,49.2177826],[16.6140912,49.2177804]]],"type":"Polygon"},"properties":{"areaM2":8.6,"category":"service","code":"N1003b","level":0,"namePrinted":"Sklad","spaceId":"0:254"},"type":"Feature"},{"geometry":{"coordinates":[[[16.6149179,49.2185442],[16.6149165,49.2185416],[16.6149172,49.2185393],[16.6149371,49.2185154],[16.6149405,49.2185134],[16.6149463,49.2185134],[16.6149775,49.218524],[16.6149805,49.2185264],[16.6149803,49.2185301],[16.6149621,49.2185541],[16.6149585,49.2185565],[16.6149522,49.2185564],[16.6149179,49.2185442]]],"type":"Polygon"},"properties":{"areaM2":14.2,"category":"other","code":"N1048","level":0,"namePrinted":"Garáž","spaceId":"0:258"},"type":"Feature"},{"geometry":{"coordinates":[[[16.6148321,49.2184435],[16.6148308,49.2184409],[16.6148317,49.2184383],[16.6148406,49.2184301],[16.6148449,49.2184287],[16.6148481,49.2184288],[16.6149172,49.2184585],[16.6149198,49.2184613],[16.6149194,49.2184645],[16.6149111,49.2184732],[16.6149069,49.2184747],[16.6149033,49.2184745],[16.6148321,49.2184435]]],"type":"Polygon"},"properties":{"areaM2":13.8,"category":null,"code":null,"level":0,"namePrinted":null,"spaceId":"0:262"},"type":"Feature"},{"geometry":{"coordinates":[[[16.6140937,49.2177452],[16.6140923,49.217742],[16.614094,49.2177336],[16.6140976,49.2177315],[16.6141025,49.2177313],[16.6141054,49.2177298],[16.6141091,49.2177294],[16.6141149,49.2177319],[16.6142067,49.2177371],[16.6142108,49.2177391],[16.6142126,49.2177446],[16.6142174,49.2177491],[16.6142187,49.2177524],[16.6142167,49.2177553],[16.6142121,49.2177567],[16.6141714,49.217756],[16.6141674,49.2177548],[16.6141636,49.2177509],[16.6141591,49.2177505],[16.6141513,49.2177523],[16.614143,49.21775],[16.6141415,49.2177527],[16.6141379,49.2177548],[16.614122,49.2177551],[16.6141172,49.2177539],[16.6141128,49.2177494],[16.614108,49.2177471],[16.6140978,49.2177472],[16.6140937,49.2177452]]],"type":"Polygon"},"properties":{"areaM2":18.9,"category":"service","code":"N1003","level":0,"namePrinted":"Sklad","spaceId":"0:264"},"type":"Feature"},{"geometry":{"coordinates":[[[16.6149661,49.2185611],[16.6149648,49.2185579],[16.6149677,49.2185529],[16.6149807,49.218536],[16.6149869,49.2185334],[16.6149913,49.2185341],[16.6150639,49.2185555],[16.6150672,49.2185573],[16.6150686,49.2185605],[16.615055,49.218582],[16.615053,49.218584],[16.6150484,49.2185855],[16.6150431,49.2185847],[16.6150142,49.2185763],[16.6150117,49.2185736],[16.615012,49.218571],[16.6150078,49.2185702],[16.6150027,49.2185665],[16.6150025,49.2185636],[16.6150059,49.2185585],[16.614989,49.2185532],[16.6149819,49.2185618],[16.6149783,49.2185639],[16.614973,49.218564],[16.6149661,49.2185611]]],"type":"Polygon"},"properties":{"areaM2":22.0,"category":null,"code":null,"level":0,"namePrinted":null,"spaceId":"0:266"},"type":"Feature"},{"geometry":{"coordinates":[[[16.614097,49.2177199],[16.6140956,49.2177173],[16.6140972,49.2177072],[16.6140964,49.2177048],[16.6140998,49.2176873],[16.6141035,49.217685],[16.6141123,49.2176829],[16.6141193,49.2176798],[16.6141251,49.2176798],[16.6141307,49.217684],[16.6141369,49.2176864],[16.6141396,49.2176892],[16.614136,49.2177091],[16.6141255,49.2177186],[16.6141242,49.2177239],[16.6141205,49.2177262],[16.6141147,49.2177262],[16.6141099,49.2177237],[16.6141003,49.2177217],[16.614097,49.2177199]]],"type":"Polygon"},"properties":{"areaM2":12.2,"category":"circulation","code":"N1002a","level":0,"namePrinted":"Vestibul","spaceId":"0:273"},"type":"Feature"},{"geometry":{"coordinates":[[[16.6149181,49.2184772],[16.6149171,49.2184729],[16.6149224,49.2184667],[16.6149265,49.2184644],[16.6149314,49.2184641],[16.6149516,49.2184721],[16.6150028,49.2184899],[16.6150058,49.2184924],[16.6150059,49.2184954],[16.615,49.2185031],[16.614996,49.2185045],[16.6149924,49.2185043],[16.6149493,49.21849],[16.6149181,49.2184772]]],"type":"Polygon"},"properties":{"areaM2":12.1,"category":null,"code":null,"level":0,"namePrinted":null,"spaceId":"0:277"},"type":"Feature"},{"geometry":{"coordinates":[[[16.6143547,49.2179429],[16.6143422,49.2178876],[16.6143432,49.2178856],[16.614347,49.2178834],[16.6143634,49.2178822],[16.6143673,49.2178834],[16.61437,49.2178862],[16.6143755,49.2179179],[16.614381,49.2179392],[16.614379,49.2179422],[16.614375,49.2179436],[16.61436,49.217945],[16.6143547,49.2179429]]],"type":"Polygon"},"properties":{"areaM2":13.2,"category":"terrace","code":"N1019c","level":0,"namePrinted":"Terasa","spaceId":"0:283"},"type":"Feature"},{"geometry":{"coordinates":[[[16.6141379,49.2177293],[16.6141365,49.2177264],[16.614137,49.2177217],[16.6141345,49.2177183],[16.6141359,49.2177152],[16.6141351,49.2177128],[16.6141361,49.2177108],[16.614139,49.217709],[16.6141421,49.2176941],[16.6141462,49.2176918],[16.6141468,49.2176888],[16.6141437,49.2176853],[16.6141445,49.2176802],[16.6141472,49.2176702],[16.6141509,49.2176678],[16.6141577,49.2176681],[16.6142245,49.2176869],[16.6142284,49.217689],[16.6142297,49.2176922],[16.6142285,49.2176975],[16.6142267,49.2176997],[16.614224,49.2177007],[16.6142214,49.2177129],[16.6142241,49.2177166],[16.614224,49.2177189],[16.6142167,49.2177265],[16.6142173,49.2177316],[16.6142132,49.2177348],[16.614208,49.2177352],[16.6141448,49.2177316],[16.6141411,49.217731],[16.6141379,49.2177293]]],"type":"Polygon"},"properties":{"areaM2":38.5,"category":"service","code":"N1002","level":0,"namePrinted":"Sklad","spaceId":"0:295"},"type":"Feature"},{"geometry":{"coordinates":[[[16.6142233,49.2178016],[16.6142219,49.2177964],[16.614223,49.2177718],[16.6142296,49.2177163],[16.6142338,49.2176957],[16.6142377,49.2176933],[16.6142415,49.2176929],[16.6143069,49.2177115],[16.6143096,49.217715],[16.6143075,49.2177191],[16.6143083,49.2177221],[16.6143117,49.217725],[16.6143164,49.2177272],[16.6143178,49.217731],[16.6143157,49.2177343],[16.6143,49.2177398],[16.6142859,49.2177467],[16.6142769,49.2177524],[16.6142653,49.2177622],[16.6142528,49.2177782],[16.6142485,49.2177888],[16.6142462,49.2178002],[16.6142444,49.2178023],[16.6142401,49.2178038],[16.6142292,49.2178039],[16.6142233,49.2178016]]],"type":"Polygon"},"properties":{"areaM2":45.0,"category":null,"code":"N1009","level":0,"namePrinted":null,"spaceId":"0:305"},"type":"Feature"},{"geometry":{"coordinates":[[[16.6142697,49.2178433],[16.6142634,49.2178351],[16.614267,49.2178287],[16.6142657,49.2178275],[16.6142604,49.2178268],[16.6142572,49.2178251],[16.6142537,49.2178166],[16.6142526,49.2178085],[16.6142545,49.2178063],[16.614259,49.2178044],[16.6142597,49.2178028],[16.6142529,49.2177971],[16.6142552,49.2177866],[16.6142589,49.2177804],[16.6142677,49.2177777],[16.6142681,49.2177758],[16.6142653,49.2177732],[16.6142651,49.2177701],[16.6142745,49.2177602],[16.6142804,49.2177564],[16.6142884,49.2177568],[16.6142909,49.2177559],[16.6142906,49.2177511],[16.6142926,49.2177481],[16.6143115,49.21774],[16.6143164,49.2177398],[16.6143207,49.2177419],[16.6143237,49.2177421],[16.6143255,49.2177412],[16.614327,49.2177372],[16.6143309,49.217735],[16.6143473,49.2177327],[16.614355,49.2177328],[16.6143585,49.2177348],[16.6143632,49.2177418],[16.614368,49.2177453],[16.6143747,49.2177467],[16.6143857,49.2177552],[16.6144032,49.2177646],[16.6144224,49.2177716],[16.6144392,49.2177758],[16.6144426,49.217779],[16.6144485,49.2177806],[16.6144619,49.2177813],[16.6144646,49.2177822],[16.6144672,49.2177847],[16.6144708,49.2177984],[16.6144697,49.2178006],[16.6144644,49.2178031],[16.6144632,49.2178052],[16.614464,49.2178066],[16.6144689,49.2178089],[16.6144703,49.2178125],[16.6144658,49.217826],[16.6144617,49.2178286],[16.6144555,49.2178296],[16.6144547,49.217832],[16.6144577,49.2178349],[16.614458,49.2178377],[16.6144452,49.2178503],[16.614441,49.2178518],[16.6144325,49.2178516],[16.6144312,49.2178536],[16.6144323,49.2178569],[16.6144303,49.2178598],[16.6144126,49.2178674],[16.6144063,49.217868],[16.614402,49.2178659],[16.6143995,49.2178658],[16.6143971,49.2178668],[16.6143957,49.2178706],[16.6143919,49.2178728],[16.6143725,49.2178754],[16.6143662,49.2178746],[16.614363,49.2178716],[16.6143596,49.2178707],[16.6143507,49.2178752],[16.6143386,49.2178742],[16.6143262,49.2178715],[16.6143216,49.2178653],[16.6143189,49.2178649],[16.6143145,49.217867],[16.6143107,49.2178673],[16.6142992,49.2178633],[16.6142897,49.2178582],[16.6142884,49.2178557],[16.6142889,49.2178507],[16.6142858,49.2178497],[16.6142819,49.2178503],[16.6142773,49.2178495],[16.6142697,49.2178433]]],"type":"Polygon"},"properties":{"areaM2":177.5,"category":"teaching","code":"N1000","level":0,"namePrinted":"Aula","spaceId":"0:310"},"type":"Feature"},{"geometry":{"coordinates":[[[16.6139663,49.2181964],[16.613961,49.2181862],[16.613962,49.2181839],[16.6139661,49.2181816],[16.6140395,49.2181644],[16.6140448,49.2181651],[16.6140484,49.2181688],[16.6140497,49.2181687],[16.6140583,49.2181639],[16.6140707,49.2181636],[16.6140705,49.2181586],[16.6140748,49.2181559],[16.6141411,49.2181403],[16.6141449,49.2181404],[16.6141491,49.2181423],[16.6141617,49.2181561],[16.6141707,49.2181714],[16.6141703,49.2181749],[16.6141664,49.2181774],[16.614092,49.2181985],[16.6140946,49.2182029],[16.6140946,49.2182052],[16.6140896,49.2182102],[16.6140856,49.2182116],[16.6140744,49.2182117],[16.6140691,49.2182096],[16.6140506,49.2181793],[16.6140486,49.2181787],[16.6139757,49.2181984],[16.6139708,49.2181986],[16.6139663,49.2181964]]],"type":"Polygon"},"properties":{"areaM2":52.1,"category":"circulation","code":"N1075g","level":0,"namePrinted":"Chodba","spaceId":"0:33"},"type":"Feature"},{"geometry":{"coordinates":[[[16.6150061,49.2185082],[16.615005,49.2185042],[16.6150099,49.2184972],[16.6150133,49.2184952],[16.615019,49.2184951],[16.6150889,49.2185159],[16.6150922,49.2185187],[16.6150924,49.2185215],[16.6150871,49.2185291],[16.6150843,49.2185304],[16.6150794,49.2185306],[16.6150451,49.2185213],[16.6150111,49.2185106],[16.6150061,49.2185082]]],"type":"Polygon"},"properties":{"areaM2":11.7,"category":null,"code":null,"level":0,"namePrinted":null,"spaceId":"0:340"},"type":"Feature"},{"geometry":{"coordinates":[[[16.614319,49.2178214],[16.6143122,49.2178106],[16.6143112,49.2178025],[16.6143125,49.2177963],[16.6143201,49.2177853],[16.614328,49.2177795],[16.614335,49.2177761],[16.6143514,49.2177718],[16.6143631,49.2177711],[16.6143732,49.2177719],[16.6143903,49.217777],[16.6143976,49.2177813],[16.6144039,49.2177865],[16.6144106,49.217797],[16.6144117,49.2178048],[16.6144101,49.2178118],[16.6144072,49.2178174],[16.6144025,49.2178227],[16.6143951,49.2178284],[16.6143881,49.2178318],[16.6143805,49.2178344],[16.6143705,49.2178362],[16.6143608,49.2178368],[16.6143491,49.2178358],[16.614335,49.2178319],[16.6143265,49.2178275],[16.614319,49.2178214]]],"type":"Polygon"},"properties":{"areaM2":41.5,"category":null,"code":null,"level":0,"namePrinted":null,"spaceId":"0:346"},"type":"Feature"},{"geometry":{"coordinates":[[[16.6139537,49.2181767],[16.6139431,49.2181568],[16.6139431,49.2181545],[16.6139449,49.2181523],[16.6139486,49.2181509],[16.6139871,49.2181428],[16.6139934,49.218144],[16.613996,49.2181464],[16.6140019,49.2181581],[16.613997,49.2181635],[16.613996,49.2181687],[16.6139942,49.2181709],[16.613962,49.218179],[16.6139572,49.2181787],[16.6139537,49.2181767]]],"type":"Polygon"},"properties":{"areaM2":11.9,"category":null,"code":null,"level":0,"namePrinted":null,"spaceId":"0:35"},"type":"Feature"},{"geometry":{"coordinates":[[[16.61394,49.2181474],[16.6139269,49.2181205],[16.6139269,49.2181182],[16.6139287,49.2181161],[16.613931,49.218115],[16.6139982,49.2181022],[16.6140048,49.2181032],[16.6140094,49.2181099],[16.6140074,49.2181151],[16.6140121,49.2181188],[16.6140134,49.2181213],[16.6140122,49.2181271],[16.6140079,49.2181295],[16.614009,49.218133],[16.6140069,49.2181362],[16.6140032,49.2181377],[16.613948,49.2181494],[16.6139442,49.2181493],[16.61394,49.2181474]]],"type":"Polygon"},"properties":{"areaM2":22.6,"category":null,"code":null,"level":0,"namePrinted":null,"spaceId":"0:39"},"type":"Feature"},{"geometry":{"coordinates":[[[16.6139218,49.2181111],[16.6138998,49.2180565],[16.6138988,49.2180527],[16.6138999,49.2180504],[16.6139037,49.2180482],[16.6139084,49.2180475],[16.6139789,49.2180371],[16.6139841,49.2180379],[16.6139874,49.2180407],[16.6139941,49.2180599],[16.6139932,49.2180619],[16.6139893,49.2180641],[16.61398,49.2180657],[16.6139826,49.2180737],[16.6139942,49.2180723],[16.6139995,49.2180743],[16.6140081,49.2180931],[16.6140075,49.218097],[16.6140041,49.218099],[16.6139297,49.2181131],[16.6139259,49.2181131],[16.6139218,49.2181111]]],"type":"Polygon"},"properties":{"areaM2":46.3,"category":null,"code":null,"level":0,"namePrinted":null,"spaceId":"0:46"},"type":"Feature"},{"geometry":{"coordinates":[[[16.6142447,49.2183796],[16.6142335,49.2183692],[16.6142331,49.2183671],[16.6142362,49.218361],[16.6142356,49.2183565],[16.6142395,49.2183496],[16.6143015,49.2183235],[16.6143053,49.2183232],[16.6143092,49.2183243],[16.6143273,49.218342],[16.6143275,49.2183448],[16.6143257,49.2183469],[16.6142516,49.2183801],[16.6142479,49.2183804],[16.6142447,49.2183796]]],"type":"Polygon"},"properties":{"areaM2":22.5,"category":"service","code":"N1085","level":0,"namePrinted":"Sklad prádla","spaceId":"0:63"},"type":"Feature"},{"geometry":{"coordinates":[[[16.6142527,49.2183881],[16.6142513,49.2183849],[16.6142533,49.218382],[16.6143274,49.2183489],[16.6143312,49.2183485],[16.6143351,49.2183496],[16.614354,49.2183671],[16.6143543,49.2183699],[16.6143525,49.2183721],[16.6142929,49.2184004],[16.6142787,49.2184004],[16.6142755,49.2183987],[16.6142743,49.2183956],[16.6142711,49.2183935],[16.6142588,49.2183923],[16.6142527,49.2183881]]],"type":"Polygon"},"properties":{"areaM2":22.1,"category":"service","code":"N1087","level":0,"namePrinted":"Sklad","spaceId":"0:64"},"type":"Feature"},{"geometry":{"coordinates":[[[16.6142091,49.2183459],[16.6141988,49.2183333],[16.6141985,49.2183304],[16.6142004,49.2183283],[16.6142769,49.2182981],[16.6142822,49.2182979],[16.6142863,49.2182999],[16.6143023,49.2183169],[16.6143026,49.2183197],[16.6143008,49.2183219],[16.6142387,49.2183479],[16.614235,49.2183483],[16.6142307,49.2183471],[16.6142217,49.2183509],[16.614218,49.2183513],[16.614214,49.2183502],[16.6142091,49.2183459]]],"type":"Polygon"},"properties":{"areaM2":23.4,"category":"service","code":"N1083","level":0,"namePrinted":"Strojovna","spaceId":"0:65"},"type":"Feature"},{"geometry":{"coordinates":[[[16.6141592,49.2182889],[16.6141506,49.2182767],[16.6141506,49.2182744],[16.6141525,49.2182722],[16.6142304,49.2182457],[16.6142357,49.2182448],[16.6142389,49.2182456],[16.6142417,49.2182475],[16.6142759,49.2182882],[16.6142783,49.2182927],[16.6142763,49.2182956],[16.6142719,49.2182976],[16.6142352,49.2183119],[16.6142315,49.2183123],[16.6142262,49.2183102],[16.6142227,49.2183014],[16.6142158,49.2182969],[16.6142054,49.2182956],[16.6141995,49.2182967],[16.6141948,49.2182988],[16.6141899,49.218299],[16.6141858,49.2182971],[16.6141816,49.2182922],[16.6141731,49.2182952],[16.6141682,49.2182954],[16.6141641,49.2182935],[16.6141592,49.2182889]]],"type":"Polygon"},"properties":{"areaM2":39.3,"category":"service","code":"N1081","level":0,"namePrinted":"Sklad prádla","spaceId":"0:67"},"type":"Feature"},{"geometry":{"coordinates":[[[16.6141428,49.218267],[16.6141339,49.2182564],[16.6141311,49.2182511],[16.6141314,49.2182476],[16.6141351,49.2182452],[16.6141918,49.2182277],[16.6141729,49.218199],[16.6141738,49.218197],[16.6141774,49.2181949],[16.6141921,49.2181909],[16.6141969,49.2181912],[16.6142001,49.2181929],[16.6142052,49.218198],[16.6142338,49.2182376],[16.6142336,49.2182413],[16.6142293,49.2182439],[16.614153,49.2182695],[16.6141477,49.2182697],[16.6141428,49.218267]]],"type":"Polygon"},"properties":{"areaM2":29.3,"category":"service","code":"N1079","level":0,"namePrinted":"Archív","spaceId":"0:71"},"type":"Feature"},{"geometry":{"coordinates":[[[16.6143914,49.2184944],[16.6143894,49.2184896],[16.6143833,49.2184848],[16.6143838,49.2184808],[16.6144121,49.2184638],[16.6144167,49.2184623],[16.6144214,49.2184631],[16.6144367,49.2184746],[16.6144365,49.2184783],[16.6144329,49.2184811],[16.6144353,49.2184843],[16.6144341,49.2184909],[16.6144161,49.2185018],[16.6144108,49.2185036],[16.6144061,49.2185027],[16.6144012,49.2184978],[16.6143914,49.2184944]]],"type":"Polygon"},"properties":{"areaM2":11.3,"category":"circulation","code":"N1094","level":0,"namePrinted":"Rampa","spaceId":"0:73"},"type":"Feature"},{"geometry":{"coordinates":[[[16.6139231,49.2180313],[16.6139213,49.2180254],[16.6139231,49.2180225],[16.6139209,49.2180143],[16.6139218,49.2180123],[16.6139254,49.2180102],[16.6139532,49.2180065],[16.6139571,49.218007],[16.6139604,49.2180091],[16.6139716,49.218008],[16.6139769,49.2180101],[16.6139816,49.2180235],[16.6139795,49.2180265],[16.6139765,49.2180278],[16.6139716,49.2180281],[16.6139672,49.2180265],[16.6139631,49.2180223],[16.6139583,49.218024],[16.6139563,49.2180272],[16.6139526,49.2180293],[16.6139345,49.2180319],[16.6139298,49.2180334],[16.6139263,49.218033],[16.6139231,49.2180313]]],"type":"Polygon"},"properties":{"areaM2":9.5,"category":null,"code":null,"level":0,"namePrinted":null,"spaceId":"0:80"},"type":"Feature"},{"geometry":{"coordinates":[[[16.6138781,49.2179757],[16.613871,49.2179457],[16.6138665,49.2179153],[16.6138683,49.2179131],[16.6138726,49.2179116],[16.6139013,49.2179102],[16.6139041,49.2179112],[16.6139066,49.2179139],[16.6139105,49.2179396],[16.6139159,49.2179405],[16.6139201,49.2179437],[16.6139252,49.2179453],[16.6139292,49.2179455],[16.6139293,49.2179404],[16.6139356,49.2179376],[16.6139413,49.2179388],[16.6139437,49.2179411],[16.6139443,49.2179435],[16.6139571,49.2179433],[16.6139616,49.2179469],[16.6139632,49.2179574],[16.6139614,49.2179596],[16.6139571,49.2179611],[16.6139219,49.2179648],[16.6139228,49.2179711],[16.6139182,49.2179746],[16.6138852,49.2179781],[16.6138817,49.2179777],[16.6138781,49.2179757]]],"type":"Polygon"},"properties":{"areaM2":30.0,"category":null,"code":null,"level":0,"namePrinted":null,"spaceId":"0:83"},"type":"Feature"},{"geometry":{"coordinates":[[[16.6140669,49.2181503],[16.6140565,49.2181325],[16.6140565,49.2181303],[16.6140583,49.2181281],[16.6140705,49.218125],[16.6140695,49.2181205],[16.6140739,49.2181172],[16.614112,49.218109],[16.6141186,49.2181101],[16.6141391,49.218132],[16.6141394,49.2181348],[16.6141376,49.218137],[16.6141326,49.2181388],[16.6140746,49.2181524],[16.61407,49.218152],[16.6140669,49.2181503]]],"type":"Polygon"},"properties":{"areaM2":18.5,"category":"other","code":"N1073","level":0,"namePrinted":"Telefonní ústředna","spaceId":"0:84"},"type":"Feature"},{"geometry":{"coordinates":[[[16.6140428,49.2181021],[16.614041,49.2180966],[16.6140456,49.2180931],[16.6140917,49.2180847],[16.6140953,49.2180856],[16.6140983,49.2180878],[16.6141104,49.2181007],[16.6141117,49.2181039],[16.6141107,49.2181062],[16.6141069,49.2181084],[16.6140659,49.2181168],[16.6140602,49.2181146],[16.6140593,49.2181099],[16.6140569,49.2181073],[16.6140528,49.2181054],[16.6140453,49.2181039],[16.6140428,49.2181021]]],"type":"Polygon"},"properties":{"areaM2":11.6,"category":"service","code":"N1071","level":0,"namePrinted":"Sklad","spaceId":"0:92"},"type":"Feature"},{"geometry":{"coordinates":[[[16.6144296,49.2184598],[16.6144282,49.2184566],[16.6144303,49.2184537],[16.6144482,49.2184437],[16.6144519,49.2184434],[16.6144592,49.218445],[16.614468,49.2184446],[16.6144708,49.2184456],[16.6144737,49.2184483],[16.6144732,49.2184524],[16.6144675,49.2184551],[16.6144752,49.2184604],[16.6144765,49.218463],[16.6144759,49.2184653],[16.6144589,49.2184758],[16.6144551,49.2184761],[16.6144508,49.2184749],[16.6144296,49.2184598]]],"type":"Polygon"},"properties":{"areaM2":8.4,"category":null,"code":"N1028a","level":0,"namePrinted":null,"spaceId":"0:96"},"type":"Feature"},{"geometry":{"coordinates":[[[16.6140369,49.2180888],[16.614029,49.2180714],[16.6140294,49.2180679],[16.6140333,49.2180654],[16.6140429,49.2180638],[16.6140412,49.2180583],[16.6140421,49.2180562],[16.6140455,49.2180542],[16.6140539,49.2180538],[16.6140604,49.2180524],[16.6140639,49.2180528],[16.6140692,49.2180565],[16.6140876,49.2180764],[16.614089,49.218079],[16.6140883,49.2180813],[16.6140847,49.2180837],[16.6140449,49.2180912],[16.6140404,49.2180908],[16.6140369,49.2180888]]],"type":"Polygon"},"properties":{"areaM2":12.5,"category":null,"code":null,"level":0,"namePrinted":null,"spaceId":"0:97"},"type":"Feature"},{"geometry":{"coordinates":[[[16.6140275,49.21781],[16.6140703,49.2178087],[16.6140759,49.2178096],[16.6140793,49.2178143],[16.6140795,49.2178316],[16.6140783,49.2178338],[16.6140749,49.2178357],[16.6140676,49.2178368],[16.6140554,49.2178363],[16.6140146,49.2178378],[16.6139991,49.2178367],[16.6139961,49.2178339],[16.6139971,49.2178302],[16.6140275,49.21781]]],"type":"Polygon"},"properties":{"areaM2":15.6,"category":"terrace","code":"N2059a","level":1,"namePrinted":"Balkon","spaceId":"1:10"},"type":"Feature"},{"geometry":{"coordinates":[[[16.6145033,49.2181931],[16.6145083,49.2181927],[16.6145125,49.2181945],[16.6145403,49.2182249],[16.6145689,49.2182522],[16.6145707,49.2182559],[16.6145694,49.2182584],[16.6145668,49.21826],[16.6144967,49.218293],[16.6144903,49.2182944],[16.6144845,49.2182921],[16.6144561,49.2182652],[16.6144413,49.2182495],[16.6144402,49.2182454],[16.6144444,49.218241],[16.6144411,49.2182377],[16.614437,49.2182359],[16.614436,49.2182315],[16.6144308,49.2182266],[16.6144294,49.2182229],[16.6144306,49.2182207],[16.6144346,49.2182185],[16.6145033,49.2181931]]],"type":"Polygon"},"properties":{"areaM2":67.0,"category":"teaching","code":"N2014","level":1,"namePrinted":null,"spaceId":"1:100"},"type":"Feature"},{"geometry":{"coordinates":[[[16.6141591,49.2183087],[16.6141685,49.218307],[16.6141761,49.2183067],[16.6141794,49.2183075],[16.614195,49.2183245],[16.6141945,49.2183277],[16.614191,49.2183303],[16.6141682,49.2183388],[16.6141622,49.2183379],[16.6141597,49.2183353],[16.6141598,49.2183325],[16.6141547,49.2183298],[16.6141446,49.2183282],[16.6141397,49.2183228],[16.6141397,49.2183203],[16.6141414,49.2183184],[16.61415,49.2183151],[16.6141523,49.2183123],[16.6141591,49.2183087]]],"type":"Polygon"},"properties":{"areaM2":9.1,"category":null,"code":null,"level":1,"namePrinted":null,"spaceId":"1:101"},"type":"Feature"},{"geometry":{"coordinates":[[[16.6142754,49.2183006],[16.6142804,49.2183003],[16.6142855,49.218303],[16.6143,49.2183185],[16.6142999,49.218321],[16.6142978,49.2183233],[16.6142561,49.218341],[16.6142505,49.218342],[16.6142459,49.2183408],[16.6142374,49.2183454],[16.6142323,49.2183466],[16.6142146,49.218354],[16.6142118,49.2183613],[16.6142082,49.2183636],[16.6142039,49.2183641],[16.6141951,49.2183628],[16.6141898,49.2183632],[16.6141855,49.2183621],[16.6141697,49.2183455],[16.6141697,49.2183431],[16.6141714,49.2183411],[16.6141796,49.2183369],[16.6141941,49.2183324],[16.6142754,49.2183006]]],"type":"Polygon"},"properties":{"areaM2":28.9,"category":"circulation","code":"N2075","level":1,"namePrinted":"Chodba","spaceId":"1:105"},"type":"Feature"},{"geometry":{"coordinates":[[[16.6141572,49.2183464],[16.6141612,49.2183459],[16.6141646,49.2183467],[16.6141716,49.2183533],[16.6141739,49.2183577],[16.61417,49.2183627],[16.6141729,49.2183642],[16.6141762,49.2183699],[16.6141787,49.2183712],[16.6141938,49.2183867],[16.6141996,49.2183892],[16.6142009,49.2183935],[16.6142053,49.2183995],[16.6142027,49.2184028],[16.6141549,49.2184243],[16.6141496,49.2184251],[16.6141457,49.2184241],[16.6141415,49.2184205],[16.6140982,49.2183761],[16.6140964,49.2183724],[16.6140976,49.2183701],[16.6141007,49.2183684],[16.6141572,49.2183464]]],"type":"Polygon"},"properties":{"areaM2":38.8,"category":null,"code":"N2082","level":1,"namePrinted":null,"spaceId":"1:106"},"type":"Feature"},{"geometry":{"coordinates":[[[16.6144071,49.2182875],[16.6144117,49.218287],[16.6144208,49.2182883],[16.6144266,49.2182894],[16.6144296,49.2182909],[16.6144709,49.2183295],[16.6144726,49.2183323],[16.6144779,49.2183366],[16.6144793,49.2183398],[16.6144773,49.2183427],[16.6144663,49.2183482],[16.6144556,49.218348],[16.6144491,49.218349],[16.614444,49.2183472],[16.6144422,49.218343],[16.6144293,49.2183317],[16.6144082,49.2183297],[16.6143908,49.218338],[16.6143877,49.2183527],[16.6144005,49.2183638],[16.6144151,49.2183654],[16.6144181,49.2183669],[16.6144195,49.2183702],[16.6144156,49.2183743],[16.6143943,49.2183852],[16.6143878,49.2183866],[16.6143819,49.2183842],[16.6143374,49.2183445],[16.6143267,49.2183337],[16.6143247,49.2183296],[16.6143281,49.218321],[16.6143328,49.2183185],[16.6143371,49.2183175],[16.6143883,49.2183247],[16.6143991,49.2182928],[16.6144013,49.2182899],[16.6144071,49.2182875]]],"type":"Polygon"},"properties":{"areaM2":50.3,"category":"terrace","code":null,"level":1,"namePrinted":null,"spaceId":"1:107"},"type":"Feature"},{"geometry":{"coordinates":[[[16.6142998,49.2183255],[16.6143048,49.2183252],[16.614309,49.218327],[16.614323,49.218341],[16.6143252,49.218345],[16.614324,49.2183476],[16.6142607,49.2183765],[16.6142566,49.2183773],[16.614252,49.2183765],[16.6142437,49.2183687],[16.6142438,49.2183662],[16.6142465,49.2183627],[16.6142421,49.2183591],[16.6142414,49.2183552],[16.6142459,49.2183485],[16.6142998,49.2183255]]],"type":"Polygon"},"properties":{"areaM2":19.0,"category":"office","code":"N2083","level":1,"namePrinted":"Kancelář","spaceId":"1:108"},"type":"Feature"},{"geometry":{"coordinates":[[[16.6142107,49.218364],[16.6142193,49.2183622],[16.6142271,49.2183618],[16.6142305,49.2183626],[16.6142472,49.2183786],[16.6142468,49.2183818],[16.6142417,49.2183857],[16.6142307,49.2183907],[16.6142209,49.218394],[16.6142167,49.2183937],[16.6142137,49.2183922],[16.6142127,49.2183882],[16.6142097,49.2183863],[16.6141971,49.2183841],[16.6141917,49.2183788],[16.6141918,49.2183763],[16.6141935,49.2183743],[16.6142016,49.218371],[16.614204,49.2183678],[16.6142107,49.218364]]],"type":"Polygon"},"properties":{"areaM2":9.1,"category":null,"code":null,"level":1,"namePrinted":null,"spaceId":"1:109"},"type":"Feature"},{"geometry":{"coordinates":[[[16.6145715,49.2182614],[16.6145766,49.2182611],[16.6145807,49.2182628],[16.6146196,49.2182965],[16.614646,49.2183163],[16.6146476,49.2183195],[16.614645,49.2183232],[16.6145832,49.2183593],[16.6145774,49.2183611],[16.6145723,49.2183603],[16.6145652,49.2183551],[16.6145614,49.2183551],[16.6145576,49.2183538],[16.6145179,49.218322],[16.6145162,49.2183184],[16.6145199,49.2183136],[16.6145164,49.2183102],[16.6145113,49.2183083],[16.6145098,49.2183041],[16.614503,49.2182994],[16.6145016,49.2182966],[16.6145022,49.2182945],[16.6145051,49.2182924],[16.6145715,49.2182614]]],"type":"Polygon"},"properties":{"areaM2":66.2,"category":"teaching","code":"N2015","level":1,"namePrinted":null,"spaceId":"1:110"},"type":"Feature"},{"geometry":{"coordinates":[[[16.6143253,49.2183511],[16.6143304,49.2183508],[16.6143351,49.218353],[16.6143764,49.2183898],[16.6143787,49.2183948],[16.6143761,49.2183981],[16.6143434,49.2184149],[16.6143185,49.2184276],[16.6143121,49.218429],[16.6143077,49.2184277],[16.6143015,49.2184226],[16.6142996,49.2184187],[16.6143022,49.2184155],[16.6143019,49.2184141],[16.614299,49.2184128],[16.6142971,49.2184089],[16.6142778,49.2183922],[16.614272,49.2183899],[16.6142709,49.2183862],[16.6142662,49.2183798],[16.6142695,49.2183762],[16.6143253,49.2183511]]],"type":"Polygon"},"properties":{"areaM2":39.6,"category":"teaching","code":"N2085","level":1,"namePrinted":"Učebna 28","spaceId":"1:111"},"type":"Feature"},{"geometry":{"coordinates":[[[16.6142436,49.2183869],[16.6142507,49.2183851],[16.6142562,49.2183858],[16.6142592,49.2183886],[16.614259,49.2183917],[16.6142655,49.2183942],[16.6142746,49.2183952],[16.6142792,49.2183993],[16.6142782,49.2184031],[16.6142698,49.2184074],[16.6142675,49.2184151],[16.6142639,49.2184174],[16.6142599,49.2184179],[16.6142495,49.2184168],[16.614245,49.2184176],[16.6142416,49.2184168],[16.6142239,49.2184002],[16.6142244,49.218397],[16.6142276,49.2183942],[16.6142436,49.2183869]]],"type":"Polygon"},"properties":{"areaM2":9.4,"category":null,"code":null,"level":1,"namePrinted":null,"spaceId":"1:112"},"type":"Feature"},{"geometry":{"coordinates":[[[16.614212,49.2184019],[16.6142161,49.2184015],[16.6142195,49.2184022],[16.6142276,49.2184091],[16.6142293,49.2184127],[16.614226,49.2184176],[16.6142293,49.2184192],[16.6142311,49.218423],[16.6142522,49.2184411],[16.6142583,49.2184435],[16.6142597,49.2184472],[16.6142626,49.2184494],[16.6142645,49.2184529],[16.6142638,49.2184549],[16.614261,49.218457],[16.6142174,49.2184792],[16.614212,49.2184807],[16.6142073,49.21848],[16.6142015,49.2184754],[16.6141554,49.218434],[16.6141537,49.2184308],[16.6141564,49.2184269],[16.614212,49.2184019]]],"type":"Polygon"},"properties":{"areaM2":38.6,"category":"teaching","code":"N2084","level":1,"namePrinted":null,"spaceId":"1:113"},"type":"Feature"},{"geometry":{"coordinates":[[[16.6144987,49.2183395],[16.6145091,49.2183395],[16.614513,49.2183372],[16.6145227,49.2183354],[16.6145287,49.2183364],[16.6145581,49.2183592],[16.6145594,49.2183635],[16.6145543,49.2183706],[16.6145479,49.2183738],[16.6145438,49.2183743],[16.6145404,49.2183735],[16.6145315,49.2183646],[16.6145302,49.2183607],[16.6145196,49.2183471],[16.6145083,49.2183504],[16.6145177,49.2183646],[16.6145213,49.2183678],[16.6145214,49.2183715],[16.6145191,49.2183738],[16.6145153,49.218375],[16.614511,49.2183747],[16.6145016,49.2183683],[16.61445,49.2183961],[16.6144432,49.218398],[16.6144325,49.2184038],[16.6144274,49.2184046],[16.6144181,49.2184034],[16.6144123,49.2184052],[16.6144165,49.218411],[16.6144152,49.2184135],[16.6144108,49.2184157],[16.6144087,49.2184188],[16.6144021,49.2184205],[16.6143915,49.218426],[16.6143874,49.2184265],[16.6143836,49.2184254],[16.6143811,49.2184229],[16.6143813,49.2184194],[16.6143742,49.2184134],[16.6143694,49.2184116],[16.6143681,49.2184098],[16.6143682,49.2184073],[16.6143699,49.2184054],[16.6144289,49.218374],[16.6144347,49.2183722],[16.6144461,49.2183664],[16.6144485,49.218364],[16.6144533,49.2183625],[16.6144602,49.218363],[16.6144689,49.2183594],[16.6144711,49.2183573],[16.6144765,49.2183548],[16.614477,49.2183508],[16.6144791,49.2183485],[16.6144852,49.2183466],[16.6144987,49.2183395]]],"type":"Polygon"},"properties":{"areaM2":41.2,"category":null,"code":null,"level":1,"namePrinted":null,"spaceId":"1:114"},"type":"Feature"},{"geometry":{"coordinates":[[[16.6142727,49.2184157],[16.6142823,49.2184143],[16.614287,49.2184151],[16.6143047,49.2184309],[16.6143041,49.2184343],[16.6143012,49.2184369],[16.6142863,49.2184446],[16.6142797,49.2184467],[16.6142736,49.2184457],[16.6142712,49.2184432],[16.614271,49.2184412],[16.6142675,49.2184394],[16.6142551,49.2184378],[16.6142491,49.2184327],[16.6142501,49.2184289],[16.6142586,49.2184246],[16.6142607,49.2184211],[16.6142649,49.2184183],[16.6142727,49.2184157]]],"type":"Polygon"},"properties":{"areaM2":9.1,"category":null,"code":null,"level":1,"namePrinted":null,"spaceId":"1:115"},"type":"Feature"},{"geometry":{"coordinates":[[[16.614652,49.2183259],[16.6146561,49.2183255],[16.6146599,49.2183265],[16.6146867,49.2183456],[16.6147168,49.2183646],[16.6147185,49.2183678],[16.6147165,49.2183711],[16.6146655,49.2184066],[16.6146547,49.2184141],[16.6146503,49.2184153],[16.6146451,49.2184143],[16.6146081,49.21839],[16.6146064,49.2183864],[16.614609,49.2183818],[16.614605,49.2183789],[16.6145991,49.2183768],[16.6145977,49.2183736],[16.6145896,49.218369],[16.6145879,49.2183658],[16.6145906,49.2183617],[16.614652,49.2183259]]],"type":"Polygon"},"properties":{"areaM2":52.2,"category":"teaching","code":"N2025","level":1,"namePrinted":null,"spaceId":"1:116"},"type":"Feature"},{"geometry":{"coordinates":[[[16.6143281,49.218427],[16.6143322,49.2184266],[16.6143356,49.2184273],[16.6143386,49.2184315],[16.6143492,49.2184358],[16.6143536,49.2184354],[16.614357,49.2184362],[16.61436,49.218439],[16.6143595,49.2184422],[16.6143467,49.2184495],[16.6143442,49.2184525],[16.6143379,49.2184537],[16.6143295,49.2184581],[16.6143284,49.2184625],[16.614322,49.218465],[16.6143196,49.2184676],[16.6143158,49.2184688],[16.6143108,49.2184685],[16.6143037,49.2184723],[16.6142971,49.2184723],[16.6142941,49.2184708],[16.6142902,49.2184667],[16.6142912,49.2184552],[16.6142954,49.2184524],[16.6142997,49.2184468],[16.6143033,49.2184456],[16.614313,49.2184448],[16.6143261,49.2184383],[16.6143223,49.2184319],[16.6143237,49.2184294],[16.6143281,49.218427]]],"type":"Polygon"},"properties":{"areaM2":12.3,"category":null,"code":null,"level":1,"namePrinted":null,"spaceId":"1:117"},"type":"Feature"},{"geometry":{"coordinates":[[[16.614266,49.2184587],[16.6142721,49.2184587],[16.6142776,49.2184623],[16.6142821,49.2184633],[16.6142847,49.218466],[16.614285,49.2184681],[16.6143041,49.2184837],[16.614312,49.2184828],[16.6143173,49.2184842],[16.6143203,49.2184874],[16.6143255,49.2184864],[16.6143305,49.2184873],[16.6143398,49.218494],[16.6143412,49.2184968],[16.6143405,49.2184989],[16.6143376,49.2185012],[16.6142847,49.2185321],[16.6142791,49.2185339],[16.6142735,49.2185326],[16.6142466,49.2185123],[16.6142182,49.2184893],[16.6142166,49.2184863],[16.6142199,49.2184822],[16.614266,49.2184587]]],"type":"Polygon"},"properties":{"areaM2":40.2,"category":"teaching","code":"N2086","level":1,"namePrinted":null,"spaceId":"1:121"},"type":"Feature"},{"geometry":{"coordinates":[[[16.6145697,49.2183734],[16.6145737,49.2183729],[16.6145771,49.2183737],[16.6145869,49.2183803],[16.614594,49.2183827],[16.6145967,49.2183856],[16.6145969,49.2183876],[16.6146279,49.2184082],[16.6146584,49.2184273],[16.614663,49.2184298],[16.6146714,49.2184322],[16.6146743,49.2184367],[16.6146992,49.2184512],[16.6147637,49.2184843],[16.6147761,49.2184875],[16.6147811,49.2184927],[16.6148346,49.2185163],[16.6148766,49.2185333],[16.614892,49.2185381],[16.6148946,49.2185399],[16.6149732,49.2185667],[16.6149784,49.2185735],[16.6149828,49.218576],[16.6149875,49.2185731],[16.6149926,49.2185728],[16.6150452,49.2185874],[16.6150504,49.2185915],[16.615053,49.2185921],[16.6150599,49.2185914],[16.615067,49.2185933],[16.6150735,49.2185925],[16.6150773,49.2185942],[16.6150836,49.2185951],[16.6150867,49.2185986],[16.6150971,49.2186017],[16.6151002,49.2186046],[16.6150988,49.2186095],[16.6150897,49.2186224],[16.6150848,49.2186246],[16.6150805,49.2186243],[16.6150754,49.2186216],[16.6150025,49.2186018],[16.6149421,49.2185836],[16.6149403,49.2185846],[16.6149333,49.2185952],[16.6149225,49.2186082],[16.6149189,49.2186101],[16.6149127,49.2186102],[16.6149022,49.2186074],[16.6148963,49.2186045],[16.614893,49.2186004],[16.6149018,49.2185866],[16.6149124,49.2185751],[16.6149118,49.2185734],[16.6148434,49.2185482],[16.6148416,49.2185487],[16.6148337,49.2185576],[16.6148302,49.2185597],[16.6148272,49.2185602],[16.6148113,49.2185594],[16.6148018,49.2185618],[16.6147967,49.2185642],[16.6147916,49.2185646],[16.6147719,49.2185568],[16.6147536,49.218548],[16.6147508,49.2185438],[16.614754,49.2185391],[16.6147473,49.2185377],[16.6147377,49.2185395],[16.614733,49.2185387],[16.6147177,49.218531],[16.6147162,49.2185276],[16.6147197,49.218523],[16.6147133,49.2185215],[16.6147038,49.218523],[16.6146992,49.2185222],[16.6146437,49.2184933],[16.6146188,49.2184788],[16.6146176,49.2184747],[16.6146216,49.2184707],[16.6146155,49.2184688],[16.614605,49.2184694],[16.6146008,49.2184683],[16.6145871,49.2184598],[16.6145856,49.2184578],[16.6145862,49.2184544],[16.6145897,49.2184514],[16.6145837,49.2184492],[16.614574,49.21845],[16.6145696,49.2184487],[16.6145153,49.2184119],[16.6145137,49.2184085],[16.6145157,49.2184056],[16.6145697,49.2183734]]],"type":"Polygon"},"properties":{"areaM2":230.7,"category":null,"code":null,"level":1,"namePrinted":null,"spaceId":"1:125"},"type":"Feature"},{"geometry":{"coordinates":[[[16.614722,49.2183722],[16.6147271,49.2183718],[16.6147313,49.2183734],[16.6147587,49.21839],[16.6148097,49.218417],[16.6148124,49.2184199],[16.6148114,49.2184237],[16.6147571,49.2184705],[16.6147527,49.2184721],[16.6147495,49.2184721],[16.6147444,49.2184702],[16.6146868,49.2184393],[16.6146833,49.2184349],[16.6146857,49.2184313],[16.6146853,49.2184299],[16.6146807,49.2184275],[16.6146758,49.2184264],[16.614673,49.2184225],[16.6146651,49.2184189],[16.6146625,49.2184162],[16.6146626,49.2184137],[16.6146646,49.2184114],[16.614722,49.2183722]]],"type":"Polygon"},"properties":{"areaM2":66.6,"category":"teaching","code":"N2027","level":1,"namePrinted":null,"spaceId":"1:132"},"type":"Feature"},{"geometry":{"coordinates":[[[16.6148177,49.2184246],[16.6148217,49.2184241],[16.6148259,49.2184251],[16.6148784,49.2184496],[16.6149121,49.2184632],[16.6149152,49.2184661],[16.6149146,49.2184696],[16.6148697,49.2185182],[16.6148665,49.2185211],[16.6148627,49.2185223],[16.6148571,49.2185216],[16.6147911,49.2184931],[16.6147884,49.2184894],[16.6147901,49.218485],[16.6147852,49.2184824],[16.6147799,49.2184816],[16.6147768,49.2184783],[16.6147719,49.2184758],[16.6147678,49.218475],[16.6147649,49.2184722],[16.614766,49.2184682],[16.6148116,49.2184287],[16.6148177,49.2184246]]],"type":"Polygon"},"properties":{"areaM2":66.8,"category":"teaching","code":"N2029","level":1,"namePrinted":null,"spaceId":"1:140"},"type":"Feature"},{"geometry":{"coordinates":[[[16.6149238,49.2184706],[16.6149288,49.2184703],[16.6149358,49.2184726],[16.6149392,49.2184772],[16.6149171,49.2185073],[16.6149135,49.2185097],[16.6148921,49.2185168],[16.614888,49.2185172],[16.6148846,49.2185164],[16.6148817,49.2185137],[16.6148823,49.2185102],[16.6149138,49.2184762],[16.6149238,49.2184706]]],"type":"Polygon"},"properties":{"areaM2":9.9,"category":null,"code":null,"level":1,"namePrinted":null,"spaceId":"1:147"},"type":"Feature"},{"geometry":{"coordinates":[[[16.6149422,49.2184775],[16.6149488,49.2184775],[16.6149993,49.2184953],[16.6150647,49.2185152],[16.6150686,49.218517],[16.61507,49.2185203],[16.6150682,49.2185239],[16.6150398,49.2185684],[16.6150356,49.2185714],[16.6150284,49.2185726],[16.6150233,49.2185758],[16.615019,49.2185764],[16.6149986,49.2185707],[16.6149912,49.2185666],[16.6149847,49.2185654],[16.6149777,49.2185622],[16.6149636,49.2185579],[16.6149564,49.2185574],[16.6149056,49.21854],[16.6149025,49.2185371],[16.6149033,49.2185321],[16.614892,49.2185287],[16.6148867,49.2185256],[16.614885,49.2185221],[16.6148876,49.2185188],[16.6149165,49.2185091],[16.6149383,49.2184802],[16.6149422,49.2184775]]],"type":"Polygon"},"properties":{"areaM2":83.0,"category":"teaching","code":"N2031","level":1,"namePrinted":null,"spaceId":"1:149"},"type":"Feature"},{"geometry":{"coordinates":[[[16.6147684,49.2185624],[16.6147725,49.218562],[16.6147766,49.2185629],[16.6148022,49.2185735],[16.6148063,49.218577],[16.6148058,49.2185802],[16.6147912,49.2185958],[16.6147915,49.218597],[16.6148179,49.2186075],[16.6148954,49.2186345],[16.6148968,49.2186373],[16.614896,49.2186396],[16.6148689,49.2186753],[16.6148649,49.218678],[16.6148583,49.218678],[16.6148146,49.218663],[16.6147528,49.2186396],[16.6147123,49.2186226],[16.6147107,49.2186196],[16.6147122,49.2186164],[16.6147651,49.2185643],[16.6147684,49.2185624]]],"type":"Polygon"},"properties":{"areaM2":79.9,"category":null,"code":null,"level":1,"namePrinted":null,"spaceId":"1:151"},"type":"Feature"},{"geometry":{"coordinates":[[[16.6148494,49.218561],[16.6148534,49.2185606],[16.6148596,49.2185613],[16.6148628,49.2185624],[16.6148649,49.2185644],[16.6148704,49.2185651],[16.6148753,49.2185687],[16.6148767,49.218572],[16.6148748,49.2185754],[16.6148588,49.2185929],[16.6148487,49.2186061],[16.6148457,49.2186079],[16.6148414,49.2186084],[16.6148294,49.2186044],[16.6148264,49.2185999],[16.6148344,49.2185899],[16.6148395,49.2185856],[16.6148339,49.218581],[16.6148351,49.2185745],[16.6148396,49.2185721],[16.6148401,49.2185689],[16.614845,49.2185663],[16.6148458,49.2185634],[16.6148494,49.218561]]],"type":"Polygon"},"properties":{"areaM2":10.7,"category":null,"code":null,"level":1,"namePrinted":null,"spaceId":"1:155"},"type":"Feature"},{"geometry":{"coordinates":[[[16.614315,49.2177436],[16.6143201,49.2177433],[16.6143241,49.2177449],[16.614328,49.2177451],[16.6143296,49.2177444],[16.6143318,49.2177404],[16.6143349,49.2177386],[16.6143554,49.2177359],[16.6143604,49.2177368],[16.6143638,49.2177398],[16.6143666,49.2177406],[16.614376,49.2177364],[16.6143919,49.217738],[16.6143995,49.2177399],[16.614403,49.2177452],[16.6144049,49.217746],[16.6144068,49.2177464],[16.6144151,49.2177445],[16.614425,49.2177479],[16.6144347,49.217753],[16.6144364,49.2177562],[16.6144358,49.2177593],[16.6144373,49.2177608],[16.6144479,49.217762],[16.6144567,49.2177695],[16.614461,49.2177758],[16.6144582,49.2177818],[16.6144595,49.2177832],[16.614467,49.2177857],[16.6144702,49.2177923],[16.6144714,49.217802],[16.6144697,49.217804],[16.6144663,49.2178054],[16.6144654,49.2178075],[16.6144662,49.2178091],[16.61447,49.2178112],[16.6144714,49.2178141],[16.6144679,49.2178264],[16.6144652,49.2178295],[16.6144577,49.2178317],[16.6144566,49.2178336],[16.6144593,49.2178373],[16.6144592,49.2178398],[16.6144503,49.2178489],[16.6144443,49.2178528],[16.6144374,49.2178527],[16.6144344,49.2178537],[16.6144329,49.2178607],[16.6144182,49.2178676],[16.6144113,49.2178693],[16.6144037,49.2178674],[16.6144014,49.2178677],[16.6143979,49.2178723],[16.6143948,49.2178741],[16.6143771,49.2178763],[16.6143707,49.2178761],[16.614366,49.2178726],[16.614363,49.2178719],[16.6143535,49.2178761],[16.614337,49.2178749],[16.6143301,49.2178732],[16.6143275,49.2178705],[16.6143266,49.2178675],[16.6143247,49.2178667],[16.6143229,49.2178663],[16.6143141,49.2178684],[16.6143061,49.217866],[16.6142944,49.2178598],[16.614293,49.217857],[16.6142938,49.2178534],[16.6142924,49.2178518],[16.6142823,49.2178513],[16.6142763,49.217847],[16.6142692,49.217838],[16.6142715,49.2178309],[16.6142701,49.2178295],[16.6142629,49.2178269],[16.6142606,49.2178233],[16.6142579,49.2178114],[16.6142591,49.2178092],[16.6142632,49.2178071],[16.6142643,49.2178051],[16.6142584,49.2177996],[16.6142593,49.2177924],[16.6142631,49.2177842],[16.6142661,49.2177824],[16.6142708,49.2177816],[16.6142728,49.21778],[16.6142728,49.2177783],[16.6142703,49.2177752],[16.6142703,49.2177727],[16.6142803,49.2177625],[16.6142846,49.2177597],[16.6142886,49.2177592],[16.614292,49.21776],[16.6142951,49.2177591],[16.614296,49.2177569],[16.6142952,49.2177541],[16.6142972,49.2177512],[16.614315,49.2177436]]],"type":"Polygon"},"properties":{"areaM2":186.4,"category":"teaching","code":null,"level":1,"namePrinted":null,"spaceId":"1:16"},"type":"Feature"},{"geometry":{"coordinates":[[[16.6150828,49.2185511],[16.6150878,49.2185507],[16.6151212,49.2185597],[16.6151257,49.2185633],[16.6151247,49.2185675],[16.6151068,49.2185956],[16.6151048,49.2185972],[16.6151007,49.2185985],[16.6150957,49.218598],[16.6150927,49.2185965],[16.6150913,49.2185937],[16.6150928,49.2185901],[16.6150819,49.2185898],[16.6150779,49.2185882],[16.6150706,49.2185901],[16.6150674,49.2185901],[16.6150623,49.2185886],[16.6150597,49.2185859],[16.6150605,49.2185822],[16.6150781,49.2185546],[16.6150828,49.2185511]]],"type":"Polygon"},"properties":{"areaM2":15.9,"category":null,"code":null,"level":1,"namePrinted":null,"spaceId":"1:163"},"type":"Feature"},{"geometry":{"coordinates":[[[16.6138662,49.2178846],[16.6138881,49.2178833],[16.6138935,49.2178853],[16.613895,49.2178881],[16.613893,49.2178914],[16.6138936,49.2178935],[16.6138964,49.2178961],[16.6139023,49.2178989],[16.6139036,49.2179008],[16.6139042,49.2179059],[16.6139016,49.2179092],[16.6138978,49.2179104],[16.6138721,49.217912],[16.6138681,49.2179117],[16.6138651,49.2179101],[16.6138634,49.217907],[16.6138614,49.2178888],[16.6138626,49.2178866],[16.6138662,49.2178846]]],"type":"Polygon"},"properties":{"areaM2":7.9,"category":null,"code":null,"level":1,"namePrinted":null,"spaceId":"1:17"},"type":"Feature"},{"geometry":{"coordinates":[[[16.614152,49.2176709],[16.6141594,49.2176711],[16.6142189,49.2176881],[16.6142228,49.2176912],[16.6142227,49.2176937],[16.6142205,49.217697],[16.6142229,49.2176983],[16.6142408,49.2177031],[16.6142454,49.2176987],[16.6142521,49.2176976],[16.6143024,49.2177117],[16.6143071,49.2177152],[16.6143061,49.217719],[16.6142991,49.2177234],[16.6142965,49.2177298],[16.6142794,49.217738],[16.6142632,49.2177484],[16.6142514,49.2177588],[16.6142411,49.2177717],[16.6142337,49.2177893],[16.6142462,49.2177911],[16.6142506,49.2177945],[16.6142492,49.2178076],[16.6142496,49.2178331],[16.6142486,49.217836],[16.614245,49.2178384],[16.614241,49.2178388],[16.6142367,49.2178377],[16.6142302,49.2178385],[16.6142255,49.2178365],[16.614224,49.2178335],[16.6142236,49.2178162],[16.6142218,49.2178151],[16.6142179,49.2178153],[16.6142169,49.2178165],[16.6142171,49.2178258],[16.614215,49.2178289],[16.6142106,49.2178305],[16.6142016,49.2178307],[16.6141989,49.2178338],[16.6141942,49.2178355],[16.6140974,49.2178369],[16.6140935,49.2178358],[16.6140909,49.2178332],[16.6140902,49.2178013],[16.6140919,49.2177925],[16.614092,49.2177876],[16.6140907,49.2177849],[16.6140921,49.2177611],[16.6140959,49.2177358],[16.6140949,49.2177328],[16.6141016,49.2176931],[16.6141059,49.2176899],[16.6141166,49.2176888],[16.6141206,49.2176861],[16.6141272,49.2176861],[16.6141335,49.2176837],[16.6141394,49.2176806],[16.6141492,49.2176722],[16.614152,49.2176709]]],"type":"Polygon"},"properties":{"areaM2":202.6,"category":"other","code":"N2001","level":1,"namePrinted":"Knihovna","spaceId":"1:2"},"type":"Feature"},{"geometry":{"coordinates":[[[16.6139595,49.2178784],[16.6139653,49.2178782],[16.6139702,49.2178769],[16.613974,49.2178773],[16.613978,49.2178793],[16.6139888,49.2178788],[16.6139942,49.2178771],[16.6140088,49.2178787],[16.6140119,49.217883],[16.614008,49.2178871],[16.6140077,49.2178909],[16.6140089,49.2178934],[16.6140147,49.2178975],[16.6140137,49.2179013],[16.6140085,49.2179036],[16.6139869,49.2179048],[16.6139817,49.2179029],[16.6139792,49.2178982],[16.6139761,49.2178986],[16.6139687,49.2179017],[16.6139655,49.2179017],[16.6139599,49.2178999],[16.6139567,49.2178969],[16.6139564,49.2178935],[16.6139532,49.2178895],[16.6139553,49.217886],[16.6139556,49.2178808],[16.6139595,49.2178784]]],"type":"Polygon"},"properties":{"areaM2":10.7,"category":null,"code":null,"level":1,"namePrinted":null,"spaceId":"1:24"},"type":"Feature"},{"geometry":{"coordinates":[[[16.6138709,49.2179151],[16.6138982,49.2179131],[16.6139016,49.2179135],[16.6139046,49.217915],[16.6139065,49.2179201],[16.6139058,49.2179222],[16.6139022,49.2179246],[16.6138975,49.2179254],[16.6139009,49.2179297],[16.6139068,49.2179321],[16.6139095,49.217935],[16.613911,49.2179431],[16.6139084,49.2179464],[16.6139046,49.2179476],[16.6138784,49.2179498],[16.6138746,49.2179493],[16.6138716,49.2179478],[16.6138704,49.2179462],[16.6138662,49.2179198],[16.6138676,49.2179169],[16.6138709,49.2179151]]],"type":"Polygon"},"properties":{"areaM2":10.6,"category":null,"code":null,"level":1,"namePrinted":null,"spaceId":"1:25"},"type":"Feature"},{"geometry":{"coordinates":[[[16.6140528,49.2178756],[16.6140888,49.2178736],[16.6140929,49.2178753],[16.6140953,49.2178807],[16.6141015,49.2178794],[16.6141076,49.217874],[16.614112,49.2178724],[16.6142023,49.2178685],[16.6142017,49.2178583],[16.6142041,49.2178559],[16.6142098,49.2178547],[16.6142137,49.2178558],[16.6142181,49.2178597],[16.6142204,49.2178641],[16.6142225,49.2178653],[16.6142276,49.2178723],[16.6142284,49.2178751],[16.6142324,49.2178772],[16.6142338,49.2178804],[16.6142317,49.2178835],[16.6142277,49.2178854],[16.614209,49.2178867],[16.6142033,49.2178895],[16.614199,49.2178892],[16.614194,49.2178867],[16.6141735,49.2178878],[16.6141689,49.2178905],[16.6141661,49.2178909],[16.6141599,49.2178896],[16.6141434,49.2178906],[16.614141,49.2178928],[16.6141351,49.2178943],[16.6141028,49.2178962],[16.614099,49.2178957],[16.6140943,49.2178935],[16.6140835,49.2178942],[16.6140818,49.2178944],[16.6140798,49.2178972],[16.614076,49.2178993],[16.6140555,49.2179008],[16.61405,49.2178988],[16.6140485,49.217896],[16.6140492,49.2178939],[16.6140528,49.2178911],[16.6140517,49.2178839],[16.6140485,49.2178796],[16.6140497,49.2178774],[16.6140528,49.2178756]]],"type":"Polygon"},"properties":{"areaM2":31.6,"category":null,"code":null,"level":1,"namePrinted":null,"spaceId":"1:29"},"type":"Feature"},{"geometry":{"coordinates":[[[16.6139635,49.2179088],[16.6140018,49.2179069],[16.614007,49.2179079],[16.6140096,49.217912],[16.6140084,49.2179142],[16.6140053,49.217916],[16.614011,49.2179243],[16.6140054,49.2179311],[16.614001,49.2179327],[16.6139856,49.2179339],[16.6139827,49.2179356],[16.6139744,49.2179374],[16.6139646,49.217936],[16.6139619,49.2179331],[16.6139587,49.2179134],[16.61396,49.2179108],[16.6139635,49.2179088]]],"type":"Polygon"},"properties":{"areaM2":10.3,"category":null,"code":null,"level":1,"namePrinted":null,"spaceId":"1:31"},"type":"Feature"},{"geometry":{"coordinates":[[[16.6140227,49.2179059],[16.6140751,49.2179024],[16.6140789,49.2179029],[16.6140833,49.2179064],[16.6140864,49.2179238],[16.6140858,49.2179273],[16.6140838,49.2179289],[16.6140798,49.2179302],[16.6140297,49.217934],[16.6140257,49.2179336],[16.6140212,49.2179301],[16.6140184,49.2179177],[16.6140187,49.217909],[16.6140227,49.2179059]]],"type":"Polygon"},"properties":{"areaM2":14.7,"category":null,"code":null,"level":1,"namePrinted":null,"spaceId":"1:35"},"type":"Feature"},{"geometry":{"coordinates":[[[16.613877,49.2179531],[16.6139186,49.2179493],[16.613923,49.2179475],[16.6139294,49.2179486],[16.6139551,49.2179465],[16.6139579,49.2179474],[16.6139606,49.2179503],[16.6139644,49.2179692],[16.6139621,49.2179715],[16.6139585,49.2179727],[16.6138816,49.2179803],[16.6138787,49.2179794],[16.6138761,49.2179767],[16.6138722,49.2179577],[16.6138734,49.217955],[16.613877,49.2179531]]],"type":"Polygon"},"properties":{"areaM2":19.2,"category":null,"code":null,"level":1,"namePrinted":null,"spaceId":"1:36"},"type":"Feature"},{"geometry":{"coordinates":[[[16.6142643,49.2178498],[16.6142683,49.2178493],[16.6142717,49.2178501],[16.6142874,49.2178614],[16.6142958,49.2178659],[16.6143133,49.2178733],[16.614316,49.217877],[16.6143139,49.2178805],[16.6143089,49.2178823],[16.6143015,49.2178828],[16.6142721,49.2178846],[16.6142666,49.2178834],[16.6142625,49.217879],[16.6142577,49.2178768],[16.614255,49.217874],[16.6142536,49.2178574],[16.614256,49.2178534],[16.6142643,49.2178498]]],"type":"Polygon"},"properties":{"areaM2":10.9,"category":"circulation","code":"N2002","level":1,"namePrinted":"Hala","spaceId":"1:38"},"type":"Feature"},{"geometry":{"coordinates":[[[16.6140974,49.2179022],[16.6141374,49.2178995],[16.614142,49.2178999],[16.614145,49.2179014],[16.6141465,49.2179042],[16.6141458,49.2179063],[16.6141295,49.2179204],[16.6141323,49.2179345],[16.6141501,49.217943],[16.6141709,49.2179412],[16.6141842,49.2179295],[16.614181,49.2179156],[16.6141604,49.2179054],[16.614159,49.2179022],[16.614161,49.2178993],[16.6141657,49.2178976],[16.614173,49.2178974],[16.6141775,49.2178992],[16.6141788,49.2179019],[16.6141822,49.2179019],[16.6141858,49.2179007],[16.6141904,49.2178972],[16.6141948,49.2178959],[16.6142059,49.2178953],[16.6142098,49.2178963],[16.6142125,49.2178992],[16.6142142,49.2179045],[16.614218,49.2179269],[16.6142264,49.2179615],[16.6142257,49.217964],[16.6142182,49.2179709],[16.6142132,49.2179726],[16.614205,49.2179725],[16.6141636,49.2179539],[16.6141332,49.2179821],[16.6141289,49.2179834],[16.6141219,49.2179838],[16.6141101,49.2179787],[16.6141075,49.217976],[16.6141031,49.2179606],[16.6140946,49.2179168],[16.614093,49.2179064],[16.6140944,49.2179039],[16.6140974,49.2179022]]],"type":"Polygon"},"properties":{"areaM2":56.4,"category":"courtyard","code":null,"level":1,"namePrinted":null,"spaceId":"1:39"},"type":"Feature"},{"geometry":{"coordinates":[[[16.6140119,49.2179361],[16.6140169,49.2179357],[16.6140204,49.2179371],[16.6140802,49.2179325],[16.6140846,49.217933],[16.6140889,49.2179364],[16.6140926,49.2179543],[16.6140918,49.2179566],[16.6140882,49.2179589],[16.6140846,49.2179596],[16.6140131,49.217967],[16.614008,49.2179668],[16.6140038,49.2179636],[16.6140022,49.2179555],[16.6140042,49.2179526],[16.6140093,49.2179502],[16.6140074,49.2179467],[16.6140086,49.2179441],[16.6140076,49.2179401],[16.6140088,49.2179379],[16.6140119,49.2179361]]],"type":"Polygon"},"properties":{"areaM2":19.4,"category":null,"code":null,"level":1,"namePrinted":null,"spaceId":"1:40"},"type":"Feature"},{"geometry":{"coordinates":[[[16.6138844,49.2179833],[16.6139488,49.2179765],[16.6139552,49.2179767],[16.6139582,49.2179783],[16.6139598,49.2179804],[16.6139618,49.2179884],[16.6139606,49.217991],[16.6139557,49.2179932],[16.6139547,49.2179945],[16.6139569,49.2179979],[16.6139558,49.2180003],[16.6139562,49.2180063],[16.6139507,49.2180091],[16.6139446,49.2180081],[16.6138936,49.2180144],[16.6138893,49.2180141],[16.6138851,49.218011],[16.6138791,49.2179881],[16.6138803,49.2179854],[16.6138844,49.2179833]]],"type":"Polygon"},"properties":{"areaM2":19.3,"category":null,"code":null,"level":1,"namePrinted":null,"spaceId":"1:41"},"type":"Feature"},{"geometry":{"coordinates":[[[16.614227,49.217893],[16.6142446,49.2178914],[16.6142496,49.2178922],[16.6142527,49.2178952],[16.614254,49.2179021],[16.6142576,49.2179071],[16.6142576,49.2179096],[16.6142554,49.2179126],[16.6142603,49.2179374],[16.6142742,49.2179865],[16.6142772,49.2179919],[16.6142807,49.2179949],[16.614279,49.2179999],[16.6142972,49.2180458],[16.6143093,49.2180719],[16.6143172,49.2180805],[16.6143162,49.2180848],[16.6143201,49.2180919],[16.6143195,49.2180954],[16.614316,49.2180991],[16.6143125,49.2181002],[16.6143081,49.2181002],[16.6143027,49.2181027],[16.6142959,49.2181015],[16.6142921,49.218098],[16.6142806,49.2180762],[16.6142633,49.2180384],[16.614261,49.2180357],[16.6142525,49.2180154],[16.614237,49.2179697],[16.6142262,49.2179258],[16.6142222,49.2178975],[16.6142234,49.2178949],[16.614227,49.217893]]],"type":"Polygon"},"properties":{"areaM2":53.3,"category":"circulation","code":"N2007","level":1,"namePrinted":"Chodba","spaceId":"1:42"},"type":"Feature"},{"geometry":{"coordinates":[[[16.6139715,49.2179737],[16.6139899,49.2179716],[16.6140004,49.2179727],[16.6140033,49.2179754],[16.6140033,49.2179779],[16.6140014,49.2179801],[16.6140031,49.2179824],[16.6140054,49.2179842],[16.6140116,49.2179863],[16.6140141,49.2179889],[16.6140146,49.2179917],[16.6140133,49.2179942],[16.6140102,49.217996],[16.6140008,49.2179973],[16.6139972,49.2179996],[16.6139896,49.2180016],[16.6139801,49.2180015],[16.6139714,49.2179993],[16.6139683,49.2179964],[16.6139639,49.2179792],[16.6139658,49.2179759],[16.6139715,49.2179737]]],"type":"Polygon"},"properties":{"areaM2":9.0,"category":null,"code":null,"level":1,"namePrinted":null,"spaceId":"1:43"},"type":"Feature"},{"geometry":{"coordinates":[[[16.614271,49.2178898],[16.6143534,49.2178845],[16.6143572,49.217885],[16.6143601,49.2178865],[16.6143615,49.2178884],[16.6143697,49.2179304],[16.6143769,49.2179562],[16.6143768,49.2179587],[16.6143745,49.2179611],[16.6143709,49.2179622],[16.6143051,49.2179709],[16.6142997,49.2179703],[16.6142821,49.2179728],[16.6142787,49.2179724],[16.6142757,49.2179709],[16.6142722,49.2179618],[16.6142621,49.2179184],[16.6142641,49.2179147],[16.6142692,49.2179131],[16.61427,49.2179121],[16.6142697,49.2179083],[16.6142666,49.2179043],[16.6142687,49.2179004],[16.6142667,49.2178938],[16.6142679,49.2178916],[16.614271,49.2178898]]],"type":"Polygon"},"properties":{"areaM2":66.5,"category":"teaching","code":"N2008","level":1,"namePrinted":"Učebna 2","spaceId":"1:44"},"type":"Feature"},{"geometry":{"coordinates":[[[16.6140194,49.2179696],[16.6140901,49.2179624],[16.614093,49.2179633],[16.6140954,49.2179659],[16.6140999,49.2179857],[16.6140976,49.2179881],[16.614093,49.2179895],[16.6140257,49.2179975],[16.6140212,49.2179956],[16.6140183,49.2179861],[16.6140138,49.2179826],[16.6140139,49.2179801],[16.6140157,49.2179779],[16.6140151,49.2179727],[16.6140194,49.2179696]]],"type":"Polygon"},"properties":{"areaM2":18.0,"category":null,"code":null,"level":1,"namePrinted":null,"spaceId":"1:45"},"type":"Feature"},{"geometry":{"coordinates":[[[16.6138928,49.2180172],[16.6139344,49.2180117],[16.6139409,49.2180124],[16.6139438,49.2180151],[16.6139464,49.2180233],[16.6139488,49.2180263],[16.6139509,49.2180373],[16.6139497,49.2180399],[16.6139442,49.2180422],[16.6139196,49.2180458],[16.6139032,49.2180481],[16.6138985,49.2180473],[16.6138953,49.2180442],[16.6138888,49.2180233],[16.6138892,49.2180195],[16.6138928,49.2180172]]],"type":"Polygon"},"properties":{"areaM2":14.1,"category":null,"code":null,"level":1,"namePrinted":null,"spaceId":"1:46"},"type":"Feature"},{"geometry":{"coordinates":[[[16.6139882,49.2180027],[16.6139944,49.2180026],[16.6140035,49.2180069],[16.6140121,49.2180059],[16.6140167,49.2180066],[16.6140199,49.2180097],[16.6140225,49.2180171],[16.614036,49.2180156],[16.6140314,49.2180037],[16.6140326,49.2180011],[16.6140357,49.2179993],[16.6140981,49.2179918],[16.6141022,49.2179936],[16.6141038,49.2179958],[16.6141094,49.2180141],[16.6141073,49.2180172],[16.6141028,49.2180188],[16.6140116,49.2180322],[16.6139951,49.2180353],[16.6139637,49.2180394],[16.6139575,49.2180387],[16.6139545,49.2180357],[16.6139545,49.2180333],[16.6139569,49.2180309],[16.6139626,49.2180293],[16.6139609,49.218027],[16.6139558,49.2180239],[16.6139544,49.218021],[16.6139551,49.218019],[16.613961,49.2180126],[16.6139646,49.2180115],[16.6139794,49.2180099],[16.6139856,49.2180039],[16.6139882,49.2180027]]],"type":"Polygon"},"properties":{"areaM2":32.6,"category":null,"code":null,"level":1,"namePrinted":null,"spaceId":"1:47"},"type":"Feature"},{"geometry":{"coordinates":[[[16.6139047,49.2180507],[16.6139671,49.2180414],[16.6139745,49.2180414],[16.6139775,49.2180429],[16.6139791,49.218045],[16.6139819,49.2180532],[16.6139807,49.2180558],[16.6139755,49.218059],[16.6139776,49.2180615],[16.6139778,49.2180712],[16.6139723,49.218074],[16.6139668,49.2180732],[16.6139174,49.2180817],[16.6139119,49.2180816],[16.6139075,49.2180781],[16.6138996,49.2180566],[16.6139001,49.2180534],[16.6139047,49.2180507]]],"type":"Polygon"},"properties":{"areaM2":19.5,"category":null,"code":null,"level":1,"namePrinted":null,"spaceId":"1:49"},"type":"Feature"},{"geometry":{"coordinates":[[[16.6141256,49.2179914],[16.6141316,49.2179906],[16.6141366,49.2179915],[16.614177,49.21801],[16.6142071,49.2179819],[16.6142139,49.21798],[16.6142213,49.2179807],[16.6142321,49.2179857],[16.6142346,49.2179883],[16.6142444,49.2180167],[16.614253,49.2180367],[16.6142555,49.2180452],[16.6142543,49.2180478],[16.6142483,49.2180503],[16.6142181,49.2180561],[16.6142127,49.2180559],[16.6142097,49.2180544],[16.6142082,49.2180512],[16.6142165,49.2180406],[16.6142104,49.2180267],[16.6141916,49.2180197],[16.6141728,49.2180231],[16.6141712,49.2180234],[16.6141603,49.218036],[16.6141661,49.2180496],[16.6141811,49.2180551],[16.6141837,49.2180578],[16.6141832,49.218061],[16.6141786,49.2180637],[16.6141515,49.2180689],[16.6141452,49.2180692],[16.6141418,49.2180685],[16.6141387,49.2180655],[16.6141308,49.2180465],[16.6141155,49.2180028],[16.6141162,49.2179987],[16.6141226,49.2179928],[16.6141256,49.2179914]]],"type":"Polygon"},"properties":{"areaM2":52.9,"category":"courtyard","code":null,"level":1,"namePrinted":null,"spaceId":"1:51"},"type":"Feature"},{"geometry":{"coordinates":[[[16.613991,49.2180374],[16.614008,49.218035],[16.6140126,49.2180354],[16.6140309,49.2180325],[16.6140368,49.2180333],[16.61404,49.2180373],[16.6140373,49.2180409],[16.6140445,49.2180477],[16.6140444,49.2180502],[16.6140414,49.218055],[16.6140378,49.2180574],[16.6140217,49.2180602],[16.6140181,49.2180625],[16.6140103,49.2180647],[16.6140018,49.2180651],[16.6139924,49.2180634],[16.6139891,49.2180601],[16.6139833,49.2180431],[16.6139854,49.2180396],[16.613991,49.2180374]]],"type":"Polygon"},"properties":{"areaM2":11.9,"category":null,"code":null,"level":1,"namePrinted":null,"spaceId":"1:52"},"type":"Feature"},{"geometry":{"coordinates":[[[16.6140541,49.2180292],[16.6141045,49.2180216],[16.6141088,49.2180219],[16.6141117,49.2180234],[16.6141136,49.2180259],[16.6141193,49.2180411],[16.6141189,49.2180447],[16.6141169,49.2180464],[16.6141121,49.2180479],[16.614065,49.2180562],[16.6140604,49.2180558],[16.6140574,49.2180543],[16.6140558,49.2180522],[16.6140508,49.2180423],[16.6140491,49.2180352],[16.6140497,49.2180318],[16.6140541,49.2180292]]],"type":"Polygon"},"properties":{"areaM2":14.3,"category":null,"code":null,"level":1,"namePrinted":null,"spaceId":"1:54"},"type":"Feature"},{"geometry":{"coordinates":[[[16.6139169,49.2180841],[16.6139586,49.218077],[16.6139642,49.2180778],[16.6139672,49.2180807],[16.6139737,49.2180938],[16.6139758,49.2181019],[16.6139751,49.2181044],[16.613971,49.2181069],[16.6139305,49.2181147],[16.6139243,49.218114],[16.613921,49.2181107],[16.6139122,49.2180901],[16.6139128,49.2180866],[16.6139169,49.2180841]]],"type":"Polygon"},"properties":{"areaM2":14.2,"category":null,"code":null,"level":1,"namePrinted":null,"spaceId":"1:56"},"type":"Feature"},{"geometry":{"coordinates":[[[16.6142922,49.2179755],[16.6143711,49.217965],[16.614378,49.2179659],[16.6143805,49.2179684],[16.6143934,49.2180051],[16.6144067,49.2180353],[16.6144067,49.2180378],[16.614405,49.2180398],[16.614399,49.2180419],[16.6143161,49.218059],[16.6143097,49.2180579],[16.614307,49.2180551],[16.6143037,49.2180479],[16.6142865,49.2180054],[16.6142875,49.2180016],[16.6142936,49.2179985],[16.6142926,49.2179949],[16.6142889,49.2179915],[16.6142902,49.2179874],[16.6142869,49.2179803],[16.6142881,49.2179776],[16.6142922,49.2179755]]],"type":"Polygon"},"properties":{"areaM2":67.0,"category":"teaching","code":"N2009","level":1,"namePrinted":null,"spaceId":"1:58"},"type":"Feature"},{"geometry":{"coordinates":[[[16.6140098,49.2180661],[16.6140148,49.2180658],[16.6140249,49.2180694],[16.6140299,49.2180697],[16.6140328,49.2180712],[16.6140406,49.2180882],[16.6140402,49.218092],[16.6140366,49.2180944],[16.614028,49.2180967],[16.6139892,49.2181035],[16.6139838,49.2181034],[16.6139808,49.2181018],[16.6139795,49.2180975],[16.6139818,49.2180952],[16.6139869,49.2180936],[16.6139851,49.2180915],[16.6139795,49.2180885],[16.613978,49.2180865],[16.6139785,49.2180833],[16.6139839,49.2180769],[16.6140014,49.2180735],[16.6140098,49.2180661]]],"type":"Polygon"},"properties":{"areaM2":13.0,"category":null,"code":null,"level":1,"namePrinted":null,"spaceId":"1:59"},"type":"Feature"},{"geometry":{"coordinates":[[[16.6138633,49.2178468],[16.6139432,49.2178454],[16.6139477,49.2178489],[16.613949,49.2178657],[16.6139481,49.2178684],[16.6139426,49.2178712],[16.6139256,49.2178718],[16.6139228,49.2178774],[16.6139137,49.2178808],[16.6139072,49.2178796],[16.6138652,49.2178806],[16.613861,49.2178775],[16.613859,49.2178516],[16.6138597,49.2178492],[16.6138633,49.2178468]]],"type":"Polygon"},"properties":{"areaM2":22.3,"category":null,"code":null,"level":1,"namePrinted":null,"spaceId":"1:6"},"type":"Feature"},{"geometry":{"coordinates":[[[16.6140489,49.2180603],[16.614053,49.2180598],[16.6140563,49.2180606],[16.6141137,49.21805],[16.6141188,49.2180498],[16.6141217,49.2180508],[16.6141242,49.2180533],[16.6141313,49.2180703],[16.6141312,49.218074],[16.6141272,49.2180771],[16.6140547,49.218091],[16.6140505,49.2180911],[16.6140463,49.2180893],[16.6140423,49.2180803],[16.6140435,49.2180773],[16.614048,49.2180745],[16.6140458,49.2180719],[16.6140463,49.2180686],[16.6140446,49.2180642],[16.6140458,49.218062],[16.6140489,49.2180603]]],"type":"Polygon"},"properties":{"areaM2":19.9,"category":null,"code":null,"level":1,"namePrinted":null,"spaceId":"1:61"},"type":"Feature"},{"geometry":{"coordinates":[[[16.613931,49.2181176],[16.6139962,49.218105],[16.6139994,49.218105],[16.6140035,49.2181068],[16.6140081,49.2181158],[16.6140077,49.218119],[16.6140024,49.2181225],[16.614005,49.2181256],[16.6140062,49.2181342],[16.6140022,49.2181373],[16.6139949,49.2181371],[16.6139464,49.2181478],[16.6139422,49.2181479],[16.613938,49.2181461],[16.6139361,49.2181434],[16.6139267,49.2181233],[16.6139272,49.21812],[16.613931,49.2181176]]],"type":"Polygon"},"properties":{"areaM2":19.3,"category":null,"code":null,"level":1,"namePrinted":null,"spaceId":"1:62"},"type":"Feature"},{"geometry":{"coordinates":[[[16.6140162,49.2181008],[16.6140294,49.2180979],[16.6140375,49.2180974],[16.6140712,49.2180908],[16.6140743,49.2180908],[16.6140784,49.2180926],[16.614084,49.2181007],[16.614087,49.218112],[16.6140853,49.218114],[16.6140817,49.2181155],[16.6140662,49.2181179],[16.6140486,49.218122],[16.6140464,49.2181241],[16.6140392,49.2181267],[16.6140303,49.2181277],[16.6140218,49.2181269],[16.6140177,49.2181251],[16.6140159,49.2181226],[16.6140089,49.2181074],[16.6140099,49.2181036],[16.6140162,49.2181008]]],"type":"Polygon"},"properties":{"areaM2":15.5,"category":null,"code":null,"level":1,"namePrinted":null,"spaceId":"1:63"},"type":"Feature"},{"geometry":{"coordinates":[[[16.6140879,49.2180876],[16.6141304,49.2180794],[16.6141347,49.2180793],[16.6141388,49.2180811],[16.6141405,49.2180834],[16.6141451,49.2180944],[16.6141438,49.2180969],[16.6141407,49.2180987],[16.6141125,49.2181046],[16.6141098,49.2181086],[16.6141062,49.2181097],[16.6141024,49.2181096],[16.6140995,49.2181087],[16.6140971,49.2181062],[16.6140981,49.2181024],[16.6140962,49.2181003],[16.6140913,49.2180978],[16.6140864,49.2180966],[16.6140833,49.2180933],[16.6140838,49.2180901],[16.6140879,49.2180876]]],"type":"Polygon"},"properties":{"areaM2":9.2,"category":"service","code":"N2051a","level":1,"namePrinted":"Tech. místnost","spaceId":"1:64"},"type":"Feature"},{"geometry":{"coordinates":[[[16.614153,49.218074],[16.6141909,49.2180668],[16.6141955,49.2180676],[16.6142001,49.2180709],[16.6142127,49.2180684],[16.6142136,49.218064],[16.6142179,49.2180614],[16.6142536,49.2180546],[16.6142619,49.2180544],[16.6142648,49.2180554],[16.6142672,49.2180579],[16.6142719,49.2180677],[16.6142702,49.2180735],[16.6142712,49.2180753],[16.614275,49.2180767],[16.6142778,49.2180797],[16.6142872,49.2180977],[16.6142871,49.2181006],[16.6142854,49.2181026],[16.6142813,49.2181043],[16.6142034,49.2181225],[16.6141993,49.2181238],[16.6141952,49.2181267],[16.6141808,49.2181267],[16.6141767,49.2181249],[16.6141742,49.2181202],[16.6141673,49.218118],[16.6141635,49.2181133],[16.6141477,49.2180809],[16.6141481,49.2180771],[16.614153,49.218074]]],"type":"Polygon"},"properties":{"areaM2":53.3,"category":"teaching","code":"N2011","level":1,"namePrinted":"Učebna Z1","spaceId":"1:65"},"type":"Feature"},{"geometry":{"coordinates":[[[16.6139466,49.2181498],[16.6139855,49.2181413],[16.6139914,49.2181413],[16.6139944,49.2181428],[16.6139996,49.2181521],[16.6140041,49.2181574],[16.6140068,49.2181649],[16.6140062,49.2181684],[16.6140018,49.218171],[16.6139637,49.2181801],[16.6139575,49.2181801],[16.6139531,49.2181766],[16.6139424,49.218156],[16.6139428,49.2181522],[16.6139466,49.2181498]]],"type":"Polygon"},"properties":{"areaM2":14.3,"category":null,"code":null,"level":1,"namePrinted":null,"spaceId":"1:66"},"type":"Feature"},{"geometry":{"coordinates":[[[16.6140382,49.2181283],[16.6140432,49.2181279],[16.6140535,49.2181313],[16.6140585,49.2181314],[16.6140615,49.2181329],[16.6140709,49.21815],[16.6140704,49.2181532],[16.6140668,49.2181556],[16.6140587,49.2181581],[16.6140193,49.2181667],[16.6140139,49.2181666],[16.6140109,49.2181651],[16.6140094,49.2181617],[16.6140115,49.2181586],[16.614017,49.2181566],[16.6140088,49.2181514],[16.6140074,49.2181486],[16.614011,49.2181415],[16.6140156,49.2181389],[16.6140298,49.218136],[16.6140349,49.2181302],[16.6140382,49.2181283]]],"type":"Polygon"},"properties":{"areaM2":13.2,"category":null,"code":null,"level":1,"namePrinted":null,"spaceId":"1:67"},"type":"Feature"},{"geometry":{"coordinates":[[[16.614123,49.2181048],[16.6141416,49.2181009],[16.6141459,49.2181012],[16.6141489,49.2181027],[16.6141622,49.218127],[16.6141629,49.2181296],[16.6141617,49.2181318],[16.6141579,49.2181339],[16.614086,49.218151],[16.6140811,49.2181515],[16.6140777,49.2181508],[16.6140739,49.2181468],[16.614071,49.2181403],[16.6140722,49.2181377],[16.6140765,49.218135],[16.6140736,49.218131],[16.6140751,49.218127],[16.6140845,49.2181224],[16.614089,49.2181161],[16.6141168,49.2181101],[16.6141189,49.2181069],[16.614123,49.2181048]]],"type":"Polygon"},"properties":{"areaM2":22.6,"category":"service","code":"N2051","level":1,"namePrinted":"Servrovna","spaceId":"1:68"},"type":"Feature"},{"geometry":{"coordinates":[[[16.6143268,49.2180595],[16.6144035,49.2180437],[16.6144094,49.2180445],[16.6144133,49.2180486],[16.6144338,49.2180875],[16.6144495,49.218112],[16.6144485,49.2181158],[16.6144386,49.2181198],[16.6143636,49.2181412],[16.6143595,49.2181416],[16.6143561,49.2181408],[16.6143476,49.2181296],[16.6143247,49.2180905],[16.614325,49.2180865],[16.6143302,49.2180838],[16.6143306,49.2180827],[16.6143285,49.2180789],[16.6143246,49.2180758],[16.6143256,49.218072],[16.6143212,49.2180641],[16.6143235,49.218061],[16.6143268,49.2180595]]],"type":"Polygon"},"properties":{"areaM2":67.1,"category":"teaching","code":"N2010","level":1,"namePrinted":"Učebna Z4","spaceId":"1:69"},"type":"Feature"},{"geometry":{"coordinates":[[[16.6139639,49.2181829],[16.614038,49.2181654],[16.6140445,49.2181661],[16.6140489,49.2181704],[16.6140577,49.2181654],[16.6140707,49.2181652],[16.6140708,49.2181623],[16.6140731,49.21816],[16.6140885,49.2181562],[16.6140909,49.2181534],[16.6140944,49.2181519],[16.6141583,49.218137],[16.6141634,49.2181381],[16.6141667,49.2181417],[16.6141922,49.2181848],[16.614191,49.2181874],[16.6141879,49.2181892],[16.6141093,49.2182117],[16.6141022,49.2182119],[16.6140962,49.2182074],[16.6140875,49.2182126],[16.6140758,49.2182134],[16.6140706,49.2182126],[16.6140666,49.2182097],[16.6140593,49.2181962],[16.6140534,49.2181891],[16.6140496,49.2181804],[16.6140479,49.2181801],[16.6140058,49.218191],[16.6140031,49.2181933],[16.6139942,49.2181961],[16.6139851,49.2181965],[16.613981,49.2181994],[16.6139727,49.2182014],[16.6139693,49.218201],[16.6139663,49.2181995],[16.6139598,49.2181888],[16.6139603,49.2181852],[16.6139639,49.2181829]]],"type":"Polygon"},"properties":{"areaM2":70.5,"category":"circulation","code":"N2049","level":1,"namePrinted":"Chodba","spaceId":"1:70"},"type":"Feature"},{"geometry":{"coordinates":[[[16.6141779,49.2181321],[16.614184,49.218131],[16.6141873,49.2181314],[16.6141903,49.2181329],[16.6141933,49.2181365],[16.6142002,49.2181323],[16.6142031,49.2181269],[16.6142077,49.218125],[16.6142919,49.218105],[16.6143009,49.2181041],[16.6143045,49.2181052],[16.6143071,49.2181079],[16.614307,49.2181103],[16.6143053,49.2181123],[16.6142965,49.2181157],[16.6143073,49.2181313],[16.6143073,49.2181338],[16.6143049,49.2181362],[16.6141962,49.2181671],[16.6141919,49.2181668],[16.6141889,49.2181653],[16.6141725,49.2181381],[16.614173,49.2181349],[16.6141779,49.2181321]]],"type":"Polygon"},"properties":{"areaM2":36.1,"category":"circulation","code":"N2090","level":1,"namePrinted":"Chodba","spaceId":"1:71"},"type":"Feature"},{"geometry":{"coordinates":[[[16.6140204,49.2181914],[16.6140394,49.2181865],[16.6140463,49.2181874],[16.6140506,49.218192],[16.6140554,49.2182021],[16.6140606,49.2182083],[16.6140615,49.2182121],[16.6140595,49.218215],[16.6140364,49.2182214],[16.6140303,49.2182204],[16.6140153,49.2181973],[16.6140158,49.2181941],[16.6140204,49.2181914]]],"type":"Polygon"},"properties":{"areaM2":8.6,"category":null,"code":null,"level":1,"namePrinted":null,"spaceId":"1:72"},"type":"Feature"},{"geometry":{"coordinates":[[[16.614004,49.2182465],[16.6140364,49.2182378],[16.6140411,49.2182386],[16.6140467,49.2182415],[16.6140546,49.2182429],[16.6140655,49.2182575],[16.6140655,49.21826],[16.6140631,49.2182628],[16.6140665,49.2182675],[16.6140713,49.218268],[16.6140743,49.2182695],[16.6140876,49.2182883],[16.6140876,49.2182908],[16.6140859,49.2182927],[16.6140469,49.2183062],[16.6140428,49.2183066],[16.614039,49.2183056],[16.6140232,49.2182857],[16.6139997,49.2182521],[16.6140002,49.2182489],[16.614004,49.2182465]]],"type":"Polygon"},"properties":{"areaM2":28.3,"category":null,"code":null,"level":1,"namePrinted":null,"spaceId":"1:77"},"type":"Feature"},{"geometry":{"coordinates":[[[16.6141246,49.218212],[16.614193,49.2181927],[16.6141991,49.2181926],[16.6142021,49.2181941],[16.6142347,49.2182388],[16.6142342,49.218242],[16.6142287,49.2182452],[16.6141722,49.2182641],[16.6141662,49.2182658],[16.6141619,49.2182655],[16.6141589,49.2182639],[16.6141558,49.2182596],[16.6141517,49.2182578],[16.6141505,49.2182562],[16.6141508,49.2182532],[16.614139,49.218237],[16.6141377,49.2182335],[16.6141331,49.2182302],[16.6141328,49.2182281],[16.6141269,49.2182281],[16.614124,49.2182272],[16.6141172,49.2182187],[16.6141182,49.2182149],[16.6141246,49.218212]]],"type":"Polygon"},"properties":{"areaM2":41.3,"category":"service","code":"N2079","level":1,"namePrinted":"Sklad","spaceId":"1:82"},"type":"Feature"},{"geometry":{"coordinates":[[[16.614332,49.218148],[16.6143368,49.2181477],[16.6143405,49.2181455],[16.6143435,49.218145],[16.6143509,49.2181461],[16.6143539,49.2181477],[16.6143613,49.2181578],[16.6143667,49.2181613],[16.6143682,49.2181643],[16.6143673,49.2181668],[16.6144028,49.218213],[16.6144209,49.218234],[16.61443,49.21824],[16.6144312,49.2182455],[16.6144753,49.2182897],[16.6144949,49.2183077],[16.6145008,49.2183118],[16.6145057,49.2183139],[16.6145072,49.2183159],[16.614507,49.2183182],[16.614514,49.218324],[16.6145155,49.2183273],[16.6145124,49.2183321],[16.6145066,49.2183339],[16.6145024,49.2183373],[16.6144942,49.2183376],[16.6144909,49.2183368],[16.614477,49.218326],[16.6144318,49.2182836],[16.6144081,49.2182589],[16.6143712,49.2182164],[16.6143403,49.2181749],[16.6143404,49.2181724],[16.6143436,49.2181679],[16.6143428,49.2181632],[16.6143378,49.2181642],[16.6143332,49.2181634],[16.6143271,49.2181563],[16.6143263,49.2181535],[16.6143275,49.2181508],[16.614332,49.218148]]],"type":"Polygon"},"properties":{"areaM2":53.2,"category":null,"code":null,"level":1,"namePrinted":null,"spaceId":"1:83"},"type":"Feature"},{"geometry":{"coordinates":[[[16.6142117,49.2181866],[16.6142679,49.2181699],[16.614272,49.2181694],[16.6142757,49.2181703],[16.6142798,49.218169],[16.6142842,49.2181652],[16.6143024,49.2181601],[16.6143074,49.2181598],[16.614312,49.2181622],[16.6143178,49.2181633],[16.6143211,49.2181682],[16.6143294,49.2181676],[16.6143335,49.2181694],[16.6143345,49.2181738],[16.6143524,49.2181991],[16.6143504,49.218202],[16.6143452,49.2182047],[16.614257,49.2182343],[16.6142493,49.2182365],[16.6142455,49.2182365],[16.6142414,49.2182347],[16.6142099,49.2181911],[16.61421,49.2181886],[16.6142117,49.2181866]]],"type":"Polygon"},"properties":{"areaM2":52.7,"category":"teaching","code":"N2012","level":1,"namePrinted":null,"spaceId":"1:84"},"type":"Feature"},{"geometry":{"coordinates":[[[16.6143708,49.2181426],[16.6144466,49.2181205],[16.6144507,49.2181201],[16.6144541,49.2181208],[16.614501,49.2181809],[16.6145041,49.2181852],[16.6145037,49.2181885],[16.6144976,49.2181918],[16.6144323,49.2182161],[16.6144279,49.2182171],[16.6144233,49.2182163],[16.6144133,49.2182055],[16.6144058,49.218206],[16.6144017,49.2182042],[16.6143759,49.2181709],[16.6143763,49.2181677],[16.6143811,49.2181639],[16.6143788,49.2181604],[16.614374,49.2181568],[16.6143743,49.2181538],[16.6143687,49.2181457],[16.6143708,49.2181426]]],"type":"Polygon"},"properties":{"areaM2":65.4,"category":"teaching","code":"N2013","level":1,"namePrinted":null,"spaceId":"1:85"},"type":"Feature"},{"geometry":{"coordinates":[[[16.6143473,49.2182097],[16.6143513,49.2182093],[16.6143547,49.2182101],[16.6143615,49.2182159],[16.6143809,49.2182396],[16.6144043,49.2182648],[16.6144064,49.218269],[16.6144026,49.2182796],[16.6144007,49.2182813],[16.6143939,49.2182836],[16.6143414,49.2182763],[16.61433,49.2183103],[16.6143235,49.2183138],[16.6143174,49.2183141],[16.6143075,49.2183125],[16.6143045,49.218311],[16.6142871,49.2182931],[16.6142663,49.2182689],[16.6142526,49.2182522],[16.614249,49.218246],[16.614251,49.2182431],[16.6142559,49.2182404],[16.6142895,49.218229],[16.6142945,49.2182287],[16.6142986,49.2182305],[16.6143002,49.2182339],[16.6142922,49.218253],[16.6143027,49.2182656],[16.6143238,49.2182697],[16.6143425,49.2182628],[16.6143485,49.2182491],[16.6143378,49.2182366],[16.6143105,49.2182317],[16.6143075,49.2182302],[16.6143059,49.2182268],[16.6143071,49.2182245],[16.6143116,49.2182217],[16.6143473,49.2182097]]],"type":"Polygon"},"properties":{"areaM2":59.3,"category":"courtyard","code":null,"level":1,"namePrinted":null,"spaceId":"1:93"},"type":"Feature"},{"geometry":{"coordinates":[[[16.6142303,49.2182478],[16.6142353,49.2182474],[16.6142395,49.2182492],[16.614275,49.2182911],[16.6142762,49.2182952],[16.6142745,49.2182972],[16.6142705,49.2182991],[16.6142102,49.2183226],[16.6142026,49.2183238],[16.6141985,49.218322],[16.6141921,49.2183146],[16.6141922,49.2183121],[16.6141953,49.2183095],[16.6141954,49.218308],[16.6141933,49.2183068],[16.6141916,49.2183027],[16.6141752,49.218284],[16.6141711,49.2182823],[16.6141698,49.2182806],[16.6141702,49.2182776],[16.6141669,49.2182735],[16.6141669,49.2182711],[16.6141711,49.2182677],[16.6142303,49.2182478]]],"type":"Polygon"},"properties":{"areaM2":39.8,"category":"teaching","code":"N2081","level":1,"namePrinted":"Učebna Z26","spaceId":"1:94"},"type":"Feature"},{"geometry":{"coordinates":[[[16.6141407,49.218277],[16.6141503,49.2182752],[16.614155,49.218276],[16.6141579,49.2182788],[16.6141574,49.2182824],[16.6141623,49.2182852],[16.6141718,49.2182867],[16.6141757,49.2182908],[16.6141747,49.2182946],[16.614165,49.2182989],[16.6141617,49.2183055],[16.6141579,49.2183079],[16.6141538,49.2183083],[16.6141355,49.2183059],[16.614121,49.2182887],[16.6141215,49.2182855],[16.614126,49.2182822],[16.6141407,49.218277]]],"type":"Polygon"},"properties":{"areaM2":9.3,"category":null,"code":null,"level":1,"namePrinted":null,"spaceId":"1:95"},"type":"Feature"},{"geometry":{"coordinates":[[[16.6141078,49.2182889],[16.6141118,49.2182885],[16.6141157,49.2182895],[16.614122,49.2182964],[16.614124,49.2183005],[16.6141194,49.2183054],[16.6141222,49.218307],[16.6141236,49.218311],[16.6141406,49.2183301],[16.6141458,49.218333],[16.6141509,49.2183434],[16.6141497,49.2183456],[16.6141455,49.218348],[16.6140985,49.2183662],[16.6140934,49.218367],[16.61409,49.2183662],[16.6140874,49.2183643],[16.6140619,49.2183348],[16.6140476,49.2183174],[16.6140451,49.2183127],[16.614047,49.2183098],[16.6140518,49.2183077],[16.6141078,49.2182889]]],"type":"Polygon"},"properties":{"areaM2":38.8,"category":null,"code":"N2080","level":1,"namePrinted":null,"spaceId":"1:96"},"type":"Feature"},{"geometry":{"coordinates":[[[16.613989,49.2178112],[16.6140719,49.2178096],[16.6140749,49.2178112],[16.6140763,49.217814],[16.614076,49.2178333],[16.6140741,49.2178349],[16.6140694,49.2178362],[16.6139889,49.2178372],[16.6139847,49.2178341],[16.6139839,49.2178222],[16.6139848,49.2178146],[16.613989,49.2178112]]],"type":"Polygon"},"properties":{"areaM2":19.3,"category":null,"code":null,"level":2,"namePrinted":null,"spaceId":"2:10"},"type":"Feature"},{"geometry":{"coordinates":[[[16.614209,49.2182211],[16.614214,49.2182207],[16.6142181,49.2182225],[16.6142275,49.2182337],[16.6142276,49.2182355],[16.6142311,49.2182399],[16.6142307,49.2182431],[16.6142257,49.2182461],[16.6141985,49.2182552],[16.6141895,49.2182579],[16.6141849,49.2182575],[16.6141819,49.2182559],[16.6141796,49.2182532],[16.6141799,49.2182502],[16.6141705,49.2182374],[16.614171,49.2182342],[16.6141746,49.2182318],[16.614209,49.2182211]]],"type":"Polygon"},"properties":{"areaM2":11.7,"category":"dorm?","code":null,"level":2,"namePrinted":null,"spaceId":"2:100"},"type":"Feature"},{"geometry":{"coordinates":[[[16.6141138,49.2182513],[16.6141206,49.2182503],[16.6141257,49.2182514],[16.6141379,49.2182668],[16.614142,49.2182686],[16.6141433,49.2182703],[16.6141429,49.2182733],[16.6141455,49.2182768],[16.6141496,49.2182785],[16.6141508,49.2182802],[16.6141505,49.2182832],[16.6141636,49.2182991],[16.6141629,49.2183028],[16.6141588,49.2183058],[16.6141478,49.2183061],[16.6141439,49.2183051],[16.6141312,49.2182898],[16.6141271,49.218288],[16.6141261,49.2182836],[16.6141205,49.218276],[16.6141165,49.2182709],[16.6141136,49.2182699],[16.6141112,49.2182674],[16.6141115,49.2182644],[16.614107,49.2182583],[16.614108,49.2182545],[16.6141138,49.2182513]]],"type":"Polygon"},"properties":{"areaM2":10.7,"category":"dorm?","code":null,"level":2,"namePrinted":null,"spaceId":"2:101"},"type":"Feature"},{"geometry":{"coordinates":[[[16.6143904,49.2181715],[16.614402,49.2181699],[16.6144112,49.2181748],[16.6144124,49.2181765],[16.6144121,49.2181794],[16.6144254,49.2181968],[16.6144444,49.2182187],[16.6144485,49.2182204],[16.6144504,49.2182256],[16.6144784,49.2182549],[16.6144838,49.2182577],[16.6144853,49.2182624],[16.6145082,49.2182839],[16.6145141,49.2182863],[16.6145155,49.2182908],[16.6145367,49.2183092],[16.6145406,49.2183124],[16.6145457,49.2183143],[16.6145474,49.2183183],[16.6145733,49.2183389],[16.6145796,49.218341],[16.614581,49.2183447],[16.6145896,49.218351],[16.6145911,49.2183538],[16.6145898,49.2183564],[16.6145778,49.2183635],[16.6145737,49.2183639],[16.6145704,49.2183631],[16.6145644,49.2183584],[16.6145628,49.2183553],[16.6145637,49.2183497],[16.6145612,49.2183459],[16.6145577,49.2183474],[16.6145526,49.2183478],[16.6145464,49.2183444],[16.6145453,49.2183403],[16.6145495,49.2183367],[16.6145433,49.2183341],[16.6145372,49.2183344],[16.6145331,49.2183334],[16.6145259,49.2183279],[16.6145212,49.2183218],[16.6145015,49.2183064],[16.6144995,49.2183032],[16.6144758,49.2182827],[16.6144723,49.2182779],[16.6144487,49.2182558],[16.6144463,49.2182517],[16.6144241,49.2182289],[16.6144219,49.2182247],[16.6144141,49.2182157],[16.6144104,49.2182131],[16.6143837,49.2181779],[16.6143847,49.2181741],[16.6143904,49.2181715]]],"type":"Polygon"},"properties":{"areaM2":45.1,"category":null,"code":null,"level":2,"namePrinted":null,"spaceId":"2:103"},"type":"Feature"},{"geometry":{"coordinates":[[[16.614347,49.2182111],[16.6143532,49.218211],[16.6143619,49.2182152],[16.6143752,49.2182317],[16.6144145,49.2182745],[16.6144561,49.2183149],[16.614475,49.2183313],[16.6144782,49.2183383],[16.6144781,49.2183408],[16.6144758,49.2183432],[16.6144547,49.2183541],[16.6144497,49.2183554],[16.6144463,49.218355],[16.6144433,49.2183535],[16.6144419,49.2183503],[16.6144438,49.2183429],[16.6144312,49.2183313],[16.6144093,49.2183291],[16.6143922,49.2183374],[16.6143891,49.218352],[16.6144016,49.2183631],[16.6144169,49.2183648],[16.6144199,49.2183664],[16.6144214,49.2183698],[16.6144188,49.2183731],[16.614394,49.2183857],[16.6143894,49.2183872],[16.6143839,49.2183864],[16.6143782,49.2183829],[16.6143545,49.2183606],[16.6143467,49.2183551],[16.6143429,49.2183499],[16.6143216,49.2183306],[16.6143042,49.2183114],[16.6142977,49.2183063],[16.6142951,49.218302],[16.6142761,49.2182824],[16.6142587,49.2182606],[16.6142546,49.2182576],[16.6142484,49.2182482],[16.6142494,49.2182444],[16.6142544,49.2182419],[16.614347,49.2182111]]],"type":"Polygon"},"properties":{"areaM2":150.7,"category":"void","code":null,"level":2,"namePrinted":null,"spaceId":"2:107"},"type":"Feature"},{"geometry":{"coordinates":[[[16.6142295,49.218248],[16.6142346,49.2182476],[16.6142387,49.2182494],[16.6142525,49.218267],[16.6142524,49.2182695],[16.6142507,49.2182715],[16.6142465,49.2182734],[16.6142179,49.2182836],[16.6142106,49.2182846],[16.6142061,49.2182828],[16.6141962,49.2182709],[16.6141921,49.2182691],[16.6141903,49.2182666],[16.6141904,49.2182637],[16.6141925,49.218261],[16.6141959,49.2182593],[16.6142295,49.218248]]],"type":"Polygon"},"properties":{"areaM2":11.7,"category":"dorm?","code":null,"level":2,"namePrinted":null,"spaceId":"2:108"},"type":"Feature"},{"geometry":{"coordinates":[[[16.6140734,49.2183005],[16.6140775,49.2183001],[16.6140808,49.2183009],[16.6140841,49.2183049],[16.6140875,49.2183053],[16.6140905,49.2183068],[16.6140999,49.218318],[16.6141023,49.2183226],[16.6141011,49.2183248],[16.6140977,49.2183269],[16.6140695,49.2183372],[16.6140637,49.2183378],[16.6140596,49.218336],[16.6140555,49.2183309],[16.6140529,49.2183294],[16.6140424,49.2183137],[16.6140436,49.2183115],[16.6140473,49.2183093],[16.6140734,49.2183005]]],"type":"Polygon"},"properties":{"areaM2":11.6,"category":"dorm?","code":null,"level":2,"namePrinted":null,"spaceId":"2:110"},"type":"Feature"},{"geometry":{"coordinates":[[[16.6143764,49.2182115],[16.6143821,49.2182111],[16.6144006,49.2182152],[16.6144036,49.2182167],[16.6144283,49.218245],[16.6144408,49.2182575],[16.614443,49.2182617],[16.6144404,49.218265],[16.6144234,49.2182713],[16.6144191,49.218271],[16.6144161,49.2182695],[16.6143964,49.2182484],[16.6143703,49.2182177],[16.6143713,49.2182139],[16.6143764,49.2182115]]],"type":"Polygon"},"properties":{"areaM2":15.3,"category":null,"code":null,"level":2,"namePrinted":null,"spaceId":"2:111"},"type":"Feature"},{"geometry":{"coordinates":[[[16.6144913,49.2181788],[16.6144964,49.2181785],[16.6145005,49.2181802],[16.6145167,49.2181995],[16.6145157,49.2182033],[16.6145091,49.2182066],[16.6144694,49.2182217],[16.6144639,49.218221],[16.6144573,49.2182171],[16.614448,49.2182159],[16.6144358,49.2182025],[16.6144368,49.2181987],[16.6144456,49.2181933],[16.6144513,49.218193],[16.6144913,49.2181788]]],"type":"Polygon"},"properties":{"areaM2":17.0,"category":null,"code":null,"level":2,"namePrinted":null,"spaceId":"2:112"},"type":"Feature"},{"geometry":{"coordinates":[[[16.6142514,49.2182745],[16.6142564,49.2182742],[16.6142605,49.218276],[16.6142685,49.2182839],[16.614275,49.2182932],[16.6142749,49.2182956],[16.6142709,49.2182987],[16.6142379,49.2183117],[16.6142318,49.2183124],[16.6142266,49.2183099],[16.614225,49.2183078],[16.6142252,49.2183051],[16.6142143,49.2182923],[16.6142144,49.2182898],[16.6142185,49.2182865],[16.6142514,49.2182745]]],"type":"Polygon"},"properties":{"areaM2":11.7,"category":"dorm?","code":null,"level":2,"namePrinted":null,"spaceId":"2:114"},"type":"Feature"},{"geometry":{"coordinates":[[[16.6141561,49.218308],[16.6141601,49.2183076],[16.6141635,49.2183084],[16.6141677,49.2183077],[16.6141716,49.2183087],[16.6141845,49.2183235],[16.6141887,49.2183253],[16.6141903,49.2183297],[16.6141934,49.218333],[16.6141981,49.2183348],[16.6141996,49.2183399],[16.6142137,49.2183549],[16.6142126,49.2183594],[16.614209,49.2183617],[16.6141986,49.2183621],[16.6141949,49.2183612],[16.6141804,49.2183469],[16.6141759,49.218345],[16.6141741,49.2183401],[16.6141713,49.2183371],[16.6141668,49.2183352],[16.6141658,49.2183308],[16.6141515,49.2183142],[16.614152,49.218311],[16.6141561,49.218308]]],"type":"Polygon"},"properties":{"areaM2":10.9,"category":"dorm?","code":null,"level":2,"namePrinted":null,"spaceId":"2:115"},"type":"Feature"},{"geometry":{"coordinates":[[[16.614101,49.2183289],[16.6141061,49.2183286],[16.6141102,49.2183304],[16.6141225,49.2183447],[16.6141214,49.2183488],[16.6141249,49.2183536],[16.6141237,49.2183558],[16.6141206,49.2183576],[16.614096,49.2183671],[16.61409,49.2183678],[16.6140859,49.218366],[16.6140774,49.2183582],[16.6140674,49.2183438],[16.6140702,49.2183402],[16.614101,49.2183289]]],"type":"Polygon"},"properties":{"areaM2":11.8,"category":"dorm?","code":null,"level":2,"namePrinted":null,"spaceId":"2:116"},"type":"Feature"},{"geometry":{"coordinates":[[[16.6145163,49.218207],[16.6145213,49.2182067],[16.6145254,49.2182085],[16.6145403,49.2182249],[16.6145544,49.2182383],[16.6145565,49.2182426],[16.6145552,49.218245],[16.6145524,49.2182467],[16.6145055,49.2182677],[16.6144997,49.2182683],[16.6144956,49.2182665],[16.6144909,49.2182614],[16.614493,49.2182553],[16.6144911,49.2182505],[16.6144853,49.2182495],[16.6144792,49.2182436],[16.6144738,49.2182431],[16.6144708,49.2182415],[16.6144644,49.2182349],[16.614462,49.2182304],[16.6144632,49.2182281],[16.6144663,49.2182264],[16.6145163,49.218207]]],"type":"Polygon"},"properties":{"areaM2":26.5,"category":null,"code":null,"level":2,"namePrinted":null,"spaceId":"2:117"},"type":"Feature"},{"geometry":{"coordinates":[[[16.6142745,49.2183007],[16.6142796,49.2183003],[16.6142843,49.2183025],[16.614297,49.2183162],[16.614299,49.2183188],[16.6142989,49.2183213],[16.6142966,49.2183237],[16.6142643,49.2183373],[16.6142582,49.2183379],[16.6142536,49.2183359],[16.6142433,49.2183252],[16.6142387,49.2183231],[16.6142367,49.2183205],[16.614237,49.2183169],[16.614241,49.2183138],[16.6142745,49.2183007]]],"type":"Polygon"},"properties":{"areaM2":11.6,"category":"dorm?","code":null,"level":2,"namePrinted":null,"spaceId":"2:119"},"type":"Feature"},{"geometry":{"coordinates":[[[16.6141248,49.218359],[16.6141288,49.2183585],[16.6141322,49.2183593],[16.6141394,49.218364],[16.6141413,49.2183683],[16.6141511,49.218378],[16.6141529,49.2183817],[16.6141517,49.2183839],[16.6141489,49.2183856],[16.6141228,49.2183966],[16.6141183,49.2183972],[16.6141139,49.218396],[16.614105,49.2183885],[16.614094,49.2183733],[16.6140966,49.21837],[16.6141248,49.218359]]],"type":"Polygon"},"properties":{"areaM2":11.5,"category":"dorm?","code":null,"level":2,"namePrinted":null,"spaceId":"2:122"},"type":"Feature"},{"geometry":{"coordinates":[[[16.6144406,49.2182653],[16.6144457,49.218265],[16.6144498,49.2182667],[16.6144635,49.2182813],[16.6144779,49.2182938],[16.6144925,49.2183086],[16.6144901,49.2183229],[16.6144884,49.2183249],[16.6144844,49.2183267],[16.6144794,49.2183271],[16.6144748,49.218325],[16.6144412,49.2182944],[16.6144232,49.2182761],[16.6144232,49.2182736],[16.6144256,49.2182712],[16.6144406,49.2182653]]],"type":"Polygon"},"properties":{"areaM2":15.2,"category":null,"code":null,"level":2,"namePrinted":null,"spaceId":"2:123"},"type":"Feature"},{"geometry":{"coordinates":[[[16.6142989,49.2183264],[16.6143039,49.2183261],[16.6143084,49.2183279],[16.6143182,49.2183366],[16.6143243,49.2183441],[16.6143242,49.2183466],[16.6143217,49.2183492],[16.614288,49.2183642],[16.6142824,49.2183647],[16.6142765,49.2183617],[16.6142748,49.2183573],[16.6142632,49.2183452],[16.6142632,49.2183427],[16.6142656,49.2183403],[16.6142989,49.2183264]]],"type":"Polygon"},"properties":{"areaM2":11.7,"category":"dorm?","code":null,"level":2,"namePrinted":null,"spaceId":"2:124"},"type":"Feature"},{"geometry":{"coordinates":[[[16.614557,49.2182483],[16.6145621,49.218248],[16.6145666,49.2182499],[16.6145842,49.2182659],[16.6145857,49.2182688],[16.614585,49.2182709],[16.6145824,49.2182729],[16.6145369,49.2182954],[16.6145334,49.2182965],[16.6145287,49.2182961],[16.6145257,49.2182946],[16.6145208,49.2182896],[16.6145225,49.2182833],[16.6145206,49.218279],[16.6145155,49.2182806],[16.61451,49.2182798],[16.6145051,49.2182752],[16.6145055,49.218272],[16.6145086,49.2182698],[16.614557,49.2182483]]],"type":"Polygon"},"properties":{"areaM2":17.3,"category":null,"code":null,"level":2,"namePrinted":null,"spaceId":"2:125"},"type":"Feature"},{"geometry":{"coordinates":[[[16.6142075,49.2183636],[16.6142184,49.2183631],[16.6142222,49.2183639],[16.614236,49.2183774],[16.6142416,49.21838],[16.6142432,49.2183842],[16.6142467,49.2183874],[16.6142512,49.2183892],[16.6142527,49.2183935],[16.614269,49.2184085],[16.6142689,49.2184109],[16.614266,49.2184143],[16.6142543,49.2184161],[16.6142496,49.2184153],[16.6142349,49.2184019],[16.6142297,49.2183996],[16.6142285,49.2183953],[16.6142245,49.2183921],[16.6142198,49.2183903],[16.6142183,49.2183856],[16.6142028,49.21837],[16.6142037,49.218366],[16.6142075,49.2183636]]],"type":"Polygon"},"properties":{"areaM2":10.9,"category":"dorm?","code":null,"level":2,"namePrinted":null,"spaceId":"2:126"},"type":"Feature"},{"geometry":{"coordinates":[[[16.6141525,49.2183876],[16.6141575,49.2183872],[16.6141623,49.2183894],[16.614172,49.2183997],[16.6141766,49.2184022],[16.6141809,49.2184102],[16.6141779,49.2184138],[16.6141517,49.2184255],[16.6141469,49.2184262],[16.614143,49.2184251],[16.6141332,49.2184173],[16.6141241,49.2184069],[16.6141218,49.2184025],[16.6141244,49.2183992],[16.6141525,49.2183876]]],"type":"Polygon"},"properties":{"areaM2":11.6,"category":"dorm?","code":null,"level":2,"namePrinted":null,"spaceId":"2:127"},"type":"Feature"},{"geometry":{"coordinates":[[[16.6143247,49.2183515],[16.6143297,49.2183512],[16.6143343,49.2183532],[16.6143496,49.2183673],[16.6143507,49.2183714],[16.6143483,49.218374],[16.6143189,49.2183881],[16.6143145,49.2183895],[16.6143114,49.2183895],[16.6143067,49.2183873],[16.6142962,49.2183776],[16.6142903,49.2183752],[16.6142884,49.2183725],[16.6142886,49.2183689],[16.6142919,49.2183661],[16.6143247,49.2183515]]],"type":"Polygon"},"properties":{"areaM2":11.6,"category":"dorm?","code":null,"level":2,"namePrinted":null,"spaceId":"2:130"},"type":"Feature"},{"geometry":{"coordinates":[[[16.6145864,49.2182746],[16.6145915,49.2182742],[16.6145956,49.218276],[16.6146146,49.2182918],[16.6146159,49.2182961],[16.6146135,49.2182984],[16.6145688,49.2183224],[16.6145621,49.2183235],[16.6145574,49.2183213],[16.6145528,49.2183168],[16.6145541,49.2183109],[16.6145517,49.2183063],[16.6145465,49.2183081],[16.614541,49.2183074],[16.6145362,49.218303],[16.6145363,49.2183005],[16.6145387,49.2182979],[16.6145864,49.2182746]]],"type":"Polygon"},"properties":{"areaM2":17.1,"category":null,"code":null,"level":2,"namePrinted":null,"spaceId":"2:131"},"type":"Feature"},{"geometry":{"coordinates":[[[16.6141807,49.218416],[16.6141873,49.218416],[16.6141959,49.2184205],[16.6141976,49.2184242],[16.6142091,49.2184344],[16.6142108,49.2184379],[16.6142082,49.2184412],[16.6141809,49.218454],[16.6141769,49.2184545],[16.614173,49.2184534],[16.6141639,49.2184465],[16.6141533,49.2184354],[16.6141513,49.2184314],[16.6141548,49.2184276],[16.6141807,49.218416]]],"type":"Polygon"},"properties":{"areaM2":11.5,"category":"dorm?","code":null,"level":2,"namePrinted":null,"spaceId":"2:135"},"type":"Feature"},{"geometry":{"coordinates":[[[16.6143516,49.2183761],[16.6143557,49.2183756],[16.6143591,49.2183764],[16.6143672,49.218382],[16.6143771,49.2183912],[16.6143785,49.2183957],[16.6143761,49.2183981],[16.6143454,49.2184138],[16.6143413,49.2184151],[16.6143382,49.2184151],[16.614332,49.2184121],[16.6143303,49.2184081],[16.6143185,49.2183979],[16.6143173,49.2183937],[16.6143197,49.2183914],[16.6143516,49.2183761]]],"type":"Polygon"},"properties":{"areaM2":11.7,"category":"dorm?","code":null,"level":2,"namePrinted":null,"spaceId":"2:136"},"type":"Feature"},{"geometry":{"coordinates":[[[16.6146176,49.2183002],[16.6146227,49.2182999],[16.6146274,49.2183021],[16.6146465,49.2183166],[16.6146478,49.2183211],[16.6146455,49.2183234],[16.6146023,49.2183486],[16.6145956,49.2183497],[16.6145909,49.2183475],[16.6145862,49.2183432],[16.6145872,49.2183374],[16.6145846,49.2183329],[16.6145791,49.2183348],[16.6145732,49.218334],[16.6145685,49.2183297],[16.6145686,49.2183272],[16.6145709,49.2183249],[16.6146176,49.2183002]]],"type":"Polygon"},"properties":{"areaM2":17.1,"category":null,"code":null,"level":2,"namePrinted":null,"spaceId":"2:137"},"type":"Feature"},{"geometry":{"coordinates":[[[16.6142637,49.2184171],[16.6142736,49.218416],[16.6142786,49.2184169],[16.6142936,49.2184298],[16.6142997,49.2184322],[16.6143014,49.2184362],[16.6143046,49.2184389],[16.6143101,49.2184408],[16.6143116,49.2184451],[16.6143278,49.2184578],[16.6143294,49.2184618],[16.6143266,49.2184656],[16.6143152,49.2184675],[16.6143105,49.2184667],[16.6142947,49.218454],[16.614289,49.2184518],[16.6142873,49.2184478],[16.6142837,49.218445],[16.6142781,49.2184429],[16.6142766,49.2184386],[16.6142612,49.2184256],[16.6142592,49.2184216],[16.6142606,49.2184189],[16.6142637,49.2184171]]],"type":"Polygon"},"properties":{"areaM2":10.9,"category":"dorm?","code":null,"level":2,"namePrinted":null,"spaceId":"2:139"},"type":"Feature"},{"geometry":{"coordinates":[[[16.6144454,49.2183649],[16.6144516,49.2183648],[16.6144558,49.218368],[16.6144538,49.2183918],[16.6144514,49.218395],[16.6144432,49.218398],[16.6144054,49.2183963],[16.6144012,49.2183952],[16.6143985,49.2183915],[16.6144006,49.218388],[16.6144454,49.2183649]]],"type":"Polygon"},"properties":{"areaM2":9.8,"category":"dorm?","code":null,"level":2,"namePrinted":null,"spaceId":"2:141"},"type":"Feature"},{"geometry":{"coordinates":[[[16.6142114,49.2184431],[16.6142164,49.2184427],[16.6142206,49.2184445],[16.614232,49.218455],[16.6142367,49.2184572],[16.6142413,49.2184652],[16.6142378,49.218469],[16.6142153,49.2184805],[16.6142088,49.218482],[16.6142049,49.2184809],[16.6141945,49.2184735],[16.6141833,49.2184629],[16.6141817,49.2184593],[16.6141843,49.218456],[16.6142114,49.2184431]]],"type":"Polygon"},"properties":{"areaM2":11.5,"category":"dorm?","code":null,"level":2,"namePrinted":null,"spaceId":"2:143"},"type":"Feature"},{"geometry":{"coordinates":[[[16.61438,49.2183999],[16.614385,49.2183996],[16.6143892,49.2184014],[16.6144054,49.2184147],[16.6144073,49.2184186],[16.6144047,49.2184219],[16.6143763,49.2184373],[16.6143722,49.2184386],[16.6143691,49.2184386],[16.6143643,49.2184364],[16.6143527,49.2184269],[16.6143469,49.2184248],[16.6143449,49.2184199],[16.614348,49.2184161],[16.61438,49.2183999]]],"type":"Polygon"},"properties":{"areaM2":11.6,"category":"dorm?","code":null,"level":2,"namePrinted":null,"spaceId":"2:146"},"type":"Feature"},{"geometry":{"coordinates":[[[16.6143117,49.2177399],[16.6143158,49.2177395],[16.6143192,49.2177403],[16.6143236,49.2177446],[16.6143266,49.2177453],[16.6143296,49.2177444],[16.6143332,49.2177398],[16.6143455,49.2177369],[16.6143583,49.2177364],[16.6143666,49.2177406],[16.6143757,49.2177367],[16.6143847,49.2177372],[16.6143991,49.2177402],[16.614403,49.2177452],[16.6144049,49.217746],[16.6144068,49.2177464],[16.6144125,49.2177449],[16.6144157,49.2177449],[16.6144283,49.2177497],[16.6144347,49.2177535],[16.6144361,49.2177553],[16.6144358,49.2177593],[16.6144373,49.2177608],[16.6144472,49.217762],[16.6144545,49.2177677],[16.6144602,49.2177752],[16.6144582,49.2177818],[16.6144595,49.2177832],[16.6144648,49.2177848],[16.6144678,49.2177881],[16.6144711,49.2178012],[16.6144699,49.2178035],[16.6144663,49.2178054],[16.6144654,49.2178075],[16.6144708,49.2178128],[16.6144689,49.2178234],[16.6144652,49.2178291],[16.6144588,49.2178311],[16.6144569,49.2178327],[16.6144587,49.2178395],[16.6144516,49.2178477],[16.6144445,49.2178526],[16.6144374,49.2178527],[16.6144344,49.2178537],[16.6144336,49.2178591],[16.6144319,49.217861],[16.6144225,49.2178658],[16.614414,49.2178687],[16.61441,49.2178691],[16.6144037,49.2178674],[16.6144014,49.2178677],[16.6143965,49.2178729],[16.6143844,49.2178757],[16.6143722,49.2178764],[16.6143689,49.2178754],[16.6143655,49.2178724],[16.614363,49.2178719],[16.6143599,49.2178729],[16.6143579,49.2178758],[16.6143548,49.2178775],[16.6143313,49.2178792],[16.6143275,49.2178781],[16.6143249,49.2178755],[16.6143273,49.2178685],[16.614326,49.2178671],[16.6143229,49.2178663],[16.6143198,49.2178672],[16.6143191,49.2178693],[16.6143227,49.2178724],[16.6143241,49.2178757],[16.6143229,49.2178779],[16.6143198,49.2178797],[16.6142737,49.2178833],[16.6142362,49.217885],[16.6142333,49.217884],[16.6142309,49.2178815],[16.6142289,49.2178664],[16.6142262,49.2178275],[16.614226,49.2178054],[16.614228,49.2177931],[16.6142305,49.2177905],[16.6142349,49.2177893],[16.614254,49.217792],[16.6142563,49.2177857],[16.6142591,49.2177826],[16.6142629,49.2177814],[16.6142689,49.217782],[16.614272,49.217781],[16.6142728,49.2177783],[16.6142676,49.217775],[16.6142661,49.217772],[16.6142716,49.2177646],[16.6142805,49.2177579],[16.6142855,49.2177576],[16.614292,49.21776],[16.6142951,49.2177591],[16.614296,49.2177569],[16.6142928,49.217753],[16.6142933,49.2177498],[16.6142965,49.2177474],[16.6143117,49.2177399]]],"type":"Polygon"},"properties":{"areaM2":228.2,"category":null,"code":null,"level":2,"namePrinted":null,"spaceId":"2:15"},"type":"Feature"},{"geometry":{"coordinates":[[[16.6146518,49.2183256],[16.6146568,49.2183252],[16.6146602,49.2183264],[16.6146815,49.2183415],[16.6146829,49.2183459],[16.6146808,49.2183482],[16.614639,49.218375],[16.6146323,49.2183761],[16.6146239,49.2183714],[16.6146223,49.2183692],[16.6146228,49.2183635],[16.6146203,49.2183592],[16.6146142,49.2183615],[16.6146099,49.2183612],[16.6146056,49.2183587],[16.6146042,49.2183542],[16.6146075,49.2183511],[16.6146518,49.2183256]]],"type":"Polygon"},"properties":{"areaM2":17.2,"category":null,"code":null,"level":2,"namePrinted":null,"spaceId":"2:153"},"type":"Feature"},{"geometry":{"coordinates":[[[16.6142425,49.2184704],[16.6142491,49.2184704],[16.6142563,49.2184738],[16.6142592,49.2184778],[16.614272,49.2184876],[16.6142738,49.2184909],[16.6142705,49.218495],[16.6142472,49.2185076],[16.6142427,49.2185088],[16.6142381,49.218508],[16.6142273,49.2185009],[16.6142153,49.21849],[16.6142138,49.2184871],[16.6142164,49.2184834],[16.6142425,49.2184704]]],"type":"Polygon"},"properties":{"areaM2":11.4,"category":"dorm?","code":null,"level":2,"namePrinted":null,"spaceId":"2:156"},"type":"Feature"},{"geometry":{"coordinates":[[[16.6145971,49.2183617],[16.6146033,49.2183616],[16.6146098,49.2183657],[16.6146147,49.2183669],[16.6146174,49.2183711],[16.6146458,49.2183903],[16.6146516,49.2183918],[16.6146542,49.2183959],[16.6146836,49.2184139],[16.6146899,49.2184156],[16.6146928,49.2184196],[16.6147184,49.2184341],[16.6147198,49.2184361],[16.6147194,49.2184393],[16.6147109,49.2184465],[16.6147062,49.2184478],[16.6147015,49.218447],[16.6146759,49.2184325],[16.6146695,49.2184314],[16.6146671,49.2184289],[16.6146669,49.2184269],[16.6146372,49.2184085],[16.6146306,49.2184071],[16.6146279,49.2184043],[16.6146277,49.2184023],[16.6145994,49.2183833],[16.6145945,49.2183826],[16.6145916,49.2183811],[16.6145886,49.2183736],[16.6145924,49.218365],[16.6145971,49.2183617]]],"type":"Polygon"},"properties":{"areaM2":23.6,"category":null,"code":null,"level":2,"namePrinted":null,"spaceId":"2:157"},"type":"Feature"},{"geometry":{"coordinates":[[[16.6144089,49.2184233],[16.614415,49.2184232],[16.6144237,49.2184282],[16.6144345,49.218437],[16.6144363,49.2184407],[16.6144339,49.2184439],[16.6144043,49.2184611],[16.6144002,49.2184624],[16.614397,49.2184624],[16.6143921,49.2184602],[16.6143906,49.2184566],[16.6143779,49.2184469],[16.6143761,49.2184431],[16.61438,49.218439],[16.6144089,49.2184233]]],"type":"Polygon"},"properties":{"areaM2":11.2,"category":"dorm?","code":null,"level":2,"namePrinted":null,"spaceId":"2:158"},"type":"Feature"},{"geometry":{"coordinates":[[[16.6145723,49.218374],[16.6145764,49.2183735],[16.6145806,49.2183746],[16.6145859,49.2183793],[16.6145858,49.2183843],[16.6145884,49.2183888],[16.6145934,49.218387],[16.6145989,49.2183878],[16.6146043,49.2183912],[16.6146055,49.2183955],[16.6146035,49.2183978],[16.6145549,49.218429],[16.6145482,49.21843],[16.6145449,49.218429],[16.6145192,49.2184109],[16.6145181,49.2184067],[16.6145212,49.2184037],[16.6145723,49.218374]]],"type":"Polygon"},"properties":{"areaM2":20.9,"category":null,"code":null,"level":2,"namePrinted":null,"spaceId":"2:159"},"type":"Feature"},{"geometry":{"coordinates":[[[16.6138635,49.217881],[16.613897,49.2178793],[16.6139025,49.2178804],[16.613905,49.2178829],[16.6139061,49.2178969],[16.6139086,49.2179004],[16.613905,49.2179087],[16.6139005,49.2179103],[16.6138904,49.217911],[16.6138692,49.2179123],[16.6138641,49.2179113],[16.6138614,49.2179084],[16.6138583,49.217893],[16.613859,49.2178842],[16.6138635,49.217881]]],"type":"Polygon"},"properties":{"areaM2":11.5,"category":"dorm?","code":null,"level":2,"namePrinted":null,"spaceId":"2:16"},"type":"Feature"},{"geometry":{"coordinates":[[[16.6146863,49.2183494],[16.6146903,49.2183489],[16.6146942,49.21835],[16.6147168,49.2183646],[16.6147182,49.2183691],[16.614677,49.2183988],[16.6146728,49.2184003],[16.6146696,49.2184002],[16.6146605,49.2183955],[16.614659,49.2183925],[16.6146596,49.2183882],[16.6146565,49.2183839],[16.6146503,49.2183862],[16.6146461,49.2183859],[16.6146413,49.2183833],[16.6146402,49.2183792],[16.6146419,49.2183772],[16.6146863,49.2183494]]],"type":"Polygon"},"properties":{"areaM2":17.0,"category":null,"code":null,"level":2,"namePrinted":null,"spaceId":"2:160"},"type":"Feature"},{"geometry":{"coordinates":[[[16.6144986,49.2184173],[16.6145048,49.2184172],[16.614509,49.2184204],[16.6145088,49.2184579],[16.6145068,49.2184608],[16.6145018,49.2184624],[16.6144441,49.2184614],[16.6144399,49.2184602],[16.6144372,49.2184566],[16.6144392,49.2184533],[16.6144986,49.2184173]]],"type":"Polygon"},"properties":{"areaM2":16.4,"category":null,"code":null,"level":2,"namePrinted":null,"spaceId":"2:162"},"type":"Feature"},{"geometry":{"coordinates":[[[16.6142754,49.2184961],[16.6142804,49.2184958],[16.6142838,49.218497],[16.614297,49.2185074],[16.614302,49.2185095],[16.6143071,49.2185169],[16.6143045,49.2185206],[16.6142814,49.218534],[16.6142767,49.2185352],[16.6142721,49.2185344],[16.6142658,49.2185296],[16.614261,49.2185274],[16.6142491,49.2185171],[16.6142473,49.2185137],[16.6142503,49.2185097],[16.6142754,49.2184961]]],"type":"Polygon"},"properties":{"areaM2":11.5,"category":"dorm?","code":null,"level":2,"namePrinted":null,"spaceId":"2:164"},"type":"Feature"},{"geometry":{"coordinates":[[[16.614514,49.2184221],[16.614518,49.2184217],[16.6145223,49.2184228],[16.6145791,49.2184605],[16.614633,49.2184924],[16.6146651,49.2185098],[16.614714,49.2185344],[16.6147466,49.2185492],[16.6147493,49.2185528],[16.6147473,49.2185561],[16.6147415,49.2185579],[16.6146894,49.2185638],[16.6146842,49.2185634],[16.6145977,49.218519],[16.6145948,49.2185146],[16.6145897,49.2185118],[16.6145837,49.2185105],[16.6145113,49.2184639],[16.6145094,49.2184604],[16.6145097,49.2184261],[16.6145109,49.2184239],[16.614514,49.2184221]]],"type":"Polygon"},"properties":{"areaM2":78.1,"category":"roof","code":null,"level":2,"namePrinted":null,"spaceId":"2:165"},"type":"Feature"},{"geometry":{"coordinates":[[[16.6146077,49.2183993],[16.6146134,49.218399],[16.6146178,49.2184003],[16.6146238,49.2184052],[16.6146237,49.2184101],[16.6146266,49.2184141],[16.6146318,49.2184123],[16.6146374,49.218413],[16.6146431,49.2184165],[16.6146442,49.2184207],[16.6146424,49.2184229],[16.614597,49.2184545],[16.6145935,49.2184562],[16.6145885,49.2184566],[16.6145851,49.2184554],[16.6145572,49.2184373],[16.6145559,49.2184329],[16.614558,49.2184307],[16.6146077,49.2183993]]],"type":"Polygon"},"properties":{"areaM2":21.9,"category":null,"code":null,"level":2,"namePrinted":null,"spaceId":"2:167"},"type":"Feature"},{"geometry":{"coordinates":[[[16.6144122,49.2184673],[16.6144172,49.2184669],[16.6144206,49.2184681],[16.6144384,49.2184805],[16.6144399,49.2184838],[16.6144375,49.218487],[16.6144121,49.2185019],[16.6144059,49.2185032],[16.6144025,49.2185024],[16.6143948,49.2184979],[16.6143839,49.2184898],[16.6143823,49.2184862],[16.6143846,49.2184831],[16.6144122,49.2184673]]],"type":"Polygon"},"properties":{"areaM2":10.1,"category":"dorm?","code":null,"level":2,"namePrinted":null,"spaceId":"2:168"},"type":"Feature"},{"geometry":{"coordinates":[[[16.614722,49.2183722],[16.6147271,49.2183718],[16.6147313,49.2183734],[16.614754,49.218387],[16.6147554,49.2183902],[16.6147526,49.218394],[16.6147153,49.2184218],[16.6147111,49.2184233],[16.614708,49.2184233],[16.614699,49.2184187],[16.6146976,49.2184167],[16.6146977,49.2184117],[16.6146943,49.2184075],[16.6146902,49.2184096],[16.6146851,49.2184099],[16.614679,49.2184071],[16.6146776,49.2184039],[16.6146803,49.2184004],[16.614722,49.2183722]]],"type":"Polygon"},"properties":{"areaM2":17.1,"category":null,"code":null,"level":2,"namePrinted":null,"spaceId":"2:169"},"type":"Feature"},{"geometry":{"coordinates":[[[16.6144397,49.2184621],[16.6145026,49.2184627],[16.6145072,49.2184629],[16.6145109,49.2184642],[16.6145839,49.2185112],[16.6145852,49.2185155],[16.6145908,49.2185185],[16.6145973,49.2185193],[16.6146838,49.2185641],[16.6146965,49.2186044],[16.6146966,49.2186074],[16.6146949,49.2186094],[16.6146907,49.2186109],[16.614686,49.2186105],[16.6146672,49.2186023],[16.6145982,49.2185681],[16.6145411,49.2185365],[16.6144817,49.2185],[16.6144378,49.2184703],[16.6144354,49.2184661],[16.6144366,49.2184639],[16.6144397,49.2184621]]],"type":"Polygon"},"properties":{"areaM2":90.6,"category":"roof","code":null,"level":2,"namePrinted":null,"spaceId":"2:170"},"type":"Feature"},{"geometry":{"coordinates":[[[16.6146477,49.2184237],[16.6146542,49.2184237],[16.6146617,49.2184279],[16.614663,49.2184298],[16.614663,49.2184345],[16.6146664,49.2184387],[16.6146727,49.2184366],[16.6146787,49.218438],[16.6146814,49.2184408],[16.6146817,49.218446],[16.6146794,49.2184492],[16.6146385,49.2184802],[16.614636,49.2184814],[16.6146309,49.2184818],[16.614627,49.2184803],[16.6145995,49.218464],[16.6145968,49.2184599],[16.6145988,49.218457],[16.6146477,49.2184237]]],"type":"Polygon"},"properties":{"areaM2":21.6,"category":null,"code":null,"level":2,"namePrinted":null,"spaceId":"2:173"},"type":"Feature"},{"geometry":{"coordinates":[[[16.6147594,49.2183939],[16.6147644,49.2183935],[16.6147687,49.2183951],[16.6147905,49.2184071],[16.6147933,49.2184113],[16.6147921,49.2184135],[16.6147557,49.2184437],[16.6147491,49.2184454],[16.6147453,49.2184445],[16.614739,49.218441],[16.6147376,49.218439],[16.6147372,49.2184342],[16.6147336,49.2184298],[16.6147292,49.2184322],[16.6147241,49.2184325],[16.6147184,49.2184298],[16.614717,49.2184266],[16.6147194,49.2184232],[16.6147594,49.2183939]]],"type":"Polygon"},"properties":{"areaM2":17.0,"category":null,"code":null,"level":2,"namePrinted":null,"spaceId":"2:174"},"type":"Feature"},{"geometry":{"coordinates":[[[16.6146881,49.2184475],[16.6146947,49.2184475],[16.614703,49.218452],[16.6147057,49.2184596],[16.6147086,49.2184624],[16.6147122,49.2184604],[16.6147184,49.2184603],[16.6147244,49.2184634],[16.6147261,49.2184669],[16.6147247,49.2184694],[16.6146822,49.2185046],[16.6146759,49.2185062],[16.6146721,49.2185053],[16.6146427,49.2184893],[16.6146398,49.2184849],[16.6146433,49.2184808],[16.6146881,49.2184475]]],"type":"Polygon"},"properties":{"areaM2":21.7,"category":null,"code":null,"level":2,"namePrinted":null,"spaceId":"2:175"},"type":"Feature"},{"geometry":{"coordinates":[[[16.6147978,49.2184144],[16.6148018,49.218414],[16.6148052,49.2184148],[16.6148302,49.2184272],[16.6148329,49.2184313],[16.6148304,49.2184347],[16.6147968,49.2184649],[16.6147904,49.2184665],[16.6147801,49.2184621],[16.6147786,49.2184601],[16.6147784,49.2184551],[16.6147747,49.2184513],[16.6147703,49.2184539],[16.6147653,49.2184543],[16.6147593,49.2184516],[16.6147577,49.2184482],[16.6147591,49.2184458],[16.6147978,49.2184144]]],"type":"Polygon"},"properties":{"areaM2":17.0,"category":null,"code":null,"level":2,"namePrinted":null,"spaceId":"2:176"},"type":"Feature"},{"geometry":{"coordinates":[[[16.6147534,49.2184559],[16.6147584,49.2184556],[16.6147654,49.2184587],[16.614771,49.2184596],[16.6147768,49.2184646],[16.6148078,49.2184792],[16.6148141,49.2184801],[16.6148172,49.2184835],[16.6148354,49.2184917],[16.6148516,49.2184985],[16.6148585,49.2184994],[16.6148614,49.2185026],[16.6148779,49.2185093],[16.6148971,49.2185164],[16.6149038,49.2185174],[16.6149072,49.2185204],[16.614942,49.2185329],[16.614949,49.2185336],[16.6149543,49.218537],[16.6149821,49.2185459],[16.6149884,49.2185464],[16.6149936,49.2185497],[16.6150199,49.2185579],[16.6150363,49.2185624],[16.6150418,49.2185623],[16.615046,49.218565],[16.6150772,49.2185735],[16.6150857,49.2185731],[16.6150894,49.2185748],[16.6150957,49.2185757],[16.615099,49.2185794],[16.6151103,49.2185824],[16.6151132,49.2185852],[16.6151132,49.2185877],[16.6151067,49.2185972],[16.6151034,49.2185991],[16.6150972,49.2185992],[16.6150933,49.2185969],[16.6150902,49.2185969],[16.6150763,49.2185932],[16.6150719,49.2185911],[16.6150654,49.2185907],[16.6150613,49.2185877],[16.6150548,49.2185856],[16.6150472,49.2185837],[16.6150437,49.2185846],[16.6150403,49.2185842],[16.615036,49.2185809],[16.6150242,49.2185776],[16.6150176,49.2185778],[16.6150132,49.2185745],[16.6149674,49.2185606],[16.6149599,49.2185605],[16.6149544,49.2185564],[16.6148787,49.2185297],[16.6148497,49.2185178],[16.614842,49.2185171],[16.6148378,49.2185131],[16.6148044,49.2184985],[16.6147972,49.2184977],[16.6147922,49.2184929],[16.6147613,49.218478],[16.6147564,49.2184777],[16.6147523,49.2184759],[16.6147509,49.2184731],[16.6147463,49.2184707],[16.6147446,49.2184671],[16.6147495,49.2184584],[16.6147534,49.2184559]]],"type":"Polygon"},"properties":{"areaM2":59.1,"category":null,"code":null,"level":2,"namePrinted":null,"spaceId":"2:177"},"type":"Feature"},{"geometry":{"coordinates":[[[16.6148375,49.2184341],[16.6148425,49.2184338],[16.614847,49.2184352],[16.6148708,49.218446],[16.6148735,49.2184501],[16.6148716,49.2184531],[16.6148405,49.2184838],[16.6148374,49.2184855],[16.6148329,49.2184861],[16.6148223,49.2184819],[16.6148206,49.2184757],[16.6148166,49.2184716],[16.6148123,49.2184742],[16.614807,49.2184746],[16.614801,49.218472],[16.6147994,49.2184686],[16.6148006,49.2184663],[16.6148338,49.2184363],[16.6148375,49.2184341]]],"type":"Polygon"},"properties":{"areaM2":17.2,"category":null,"code":null,"level":2,"namePrinted":null,"spaceId":"2:178"},"type":"Feature"},{"geometry":{"coordinates":[[[16.6147304,49.2184699],[16.614737,49.2184699],[16.6147452,49.2184739],[16.6147476,49.2184764],[16.6147481,49.2184805],[16.6147521,49.2184846],[16.6147559,49.2184826],[16.614761,49.2184822],[16.6147676,49.2184853],[16.614769,49.2184885],[16.6147673,49.2184913],[16.61473,49.2185251],[16.614725,49.2185285],[16.6147209,49.2185289],[16.6147172,49.2185281],[16.6146868,49.2185126],[16.6146842,49.2185085],[16.6146855,49.218506],[16.6146913,49.2185012],[16.6147304,49.2184699]]],"type":"Polygon"},"properties":{"areaM2":21.7,"category":null,"code":null,"level":2,"namePrinted":null,"spaceId":"2:179"},"type":"Feature"},{"geometry":{"coordinates":[[[16.6140265,49.2178435],[16.6140678,49.2178422],[16.6140725,49.217843],[16.6140757,49.2178461],[16.614077,49.2178531],[16.6140773,49.2178651],[16.6140761,49.2178673],[16.6140702,49.2178695],[16.6140328,49.217871],[16.6140282,49.2178702],[16.6140251,49.2178673],[16.614024,49.2178537],[16.6140206,49.2178494],[16.6140223,49.2178458],[16.6140265,49.2178435]]],"type":"Polygon"},"properties":{"areaM2":11.6,"category":"dorm?","code":null,"level":2,"namePrinted":null,"spaceId":"2:18"},"type":"Feature"},{"geometry":{"coordinates":[[[16.6148789,49.2184523],[16.614885,49.2184522],[16.6149121,49.2184632],[16.6149155,49.2184675],[16.6149147,49.2184698],[16.6148843,49.2185026],[16.6148784,49.2185049],[16.6148738,49.2185041],[16.6148663,49.2185007],[16.6148648,49.2184987],[16.6148644,49.2184943],[16.6148604,49.2184909],[16.6148555,49.2184936],[16.6148505,49.218494],[16.6148441,49.2184912],[16.6148427,49.2184884],[16.6148465,49.2184829],[16.6148747,49.2184548],[16.6148789,49.2184523]]],"type":"Polygon"},"properties":{"areaM2":17.3,"category":null,"code":null,"level":2,"namePrinted":null,"spaceId":"2:180"},"type":"Feature"},{"geometry":{"coordinates":[[[16.6147742,49.2184914],[16.6147804,49.2184913],[16.6147889,49.2184952],[16.6147916,49.2184981],[16.6147918,49.2185014],[16.6147959,49.2185053],[16.6148002,49.2185031],[16.6148053,49.2185028],[16.6148122,49.2185057],[16.6148137,49.2185091],[16.6148119,49.2185122],[16.6147762,49.2185473],[16.6147719,49.21855],[16.6147679,49.2185505],[16.6147638,49.2185495],[16.6147337,49.2185358],[16.6147315,49.2185344],[16.6147301,49.2185312],[16.6147318,49.2185284],[16.6147665,49.2184971],[16.6147742,49.2184914]]],"type":"Polygon"},"properties":{"areaM2":21.8,"category":null,"code":null,"level":2,"namePrinted":null,"spaceId":"2:181"},"type":"Feature"},{"geometry":{"coordinates":[[[16.6149211,49.2184696],[16.6149277,49.2184696],[16.6149522,49.2184787],[16.614957,49.2184811],[16.6149586,49.2184841],[16.6149572,49.218487],[16.61493,49.2185199],[16.6149236,49.2185223],[16.6149202,49.2185219],[16.6149112,49.2185182],[16.6149092,49.2185124],[16.6149051,49.2185084],[16.6148999,49.2185117],[16.6148946,49.2185121],[16.6148883,49.2185094],[16.6148868,49.2185065],[16.6148876,49.2185042],[16.6149163,49.2184732],[16.6149211,49.2184696]]],"type":"Polygon"},"properties":{"areaM2":17.4,"category":null,"code":null,"level":2,"namePrinted":null,"spaceId":"2:182"},"type":"Feature"},{"geometry":{"coordinates":[[[16.6148191,49.2185114],[16.6148252,49.2185113],[16.614834,49.2185151],[16.6148364,49.2185176],[16.6148371,49.2185211],[16.614841,49.2185248],[16.6148475,49.2185221],[16.6148531,49.2185228],[16.6148561,49.2185258],[16.6148578,49.2185306],[16.6148234,49.2185688],[16.6148203,49.2185705],[16.6148163,49.218571],[16.6147806,49.2185568],[16.6147773,49.2185523],[16.614779,49.2185495],[16.6148152,49.2185138],[16.6148191,49.2185114]]],"type":"Polygon"},"properties":{"areaM2":21.6,"category":null,"code":null,"level":2,"namePrinted":null,"spaceId":"2:183"},"type":"Feature"},{"geometry":{"coordinates":[[[16.6146912,49.218564],[16.6147469,49.2185577],[16.6147515,49.2185585],[16.6147545,49.2185612],[16.6147535,49.218565],[16.6147116,49.2186066],[16.614706,49.2186092],[16.6147004,49.2186084],[16.6146975,49.2186057],[16.6146867,49.2185685],[16.6146879,49.2185659],[16.6146912,49.218564]]],"type":"Polygon"},"properties":{"areaM2":16.1,"category":null,"code":null,"level":2,"namePrinted":null,"spaceId":"2:184"},"type":"Feature"},{"geometry":{"coordinates":[[[16.6149648,49.2184858],[16.6149718,49.2184859],[16.6149993,49.2184953],[16.6150026,49.2184994],[16.6149766,49.2185354],[16.6149747,49.218537],[16.61497,49.2185383],[16.6149654,49.2185376],[16.6149574,49.2185344],[16.614955,49.2185288],[16.6149506,49.2185251],[16.6149454,49.2185286],[16.6149411,49.2185291],[16.6149351,49.2185273],[16.6149324,49.2185236],[16.6149335,49.2185208],[16.6149601,49.2184891],[16.6149648,49.2184858]]],"type":"Polygon"},"properties":{"areaM2":17.2,"category":null,"code":null,"level":2,"namePrinted":null,"spaceId":"2:185"},"type":"Feature"},{"geometry":{"coordinates":[[[16.6147677,49.2185618],[16.6147718,49.2185614],[16.6147755,49.2185622],[16.6148096,49.2185764],[16.6148576,49.2185947],[16.6149014,49.2186097],[16.6149049,49.2186129],[16.6149039,49.2186167],[16.6148988,49.2186191],[16.614884,49.2186223],[16.6148772,49.2186224],[16.6148246,49.2186034],[16.614787,49.2185887],[16.6147592,49.2185772],[16.6147563,49.2185744],[16.6147569,49.2185709],[16.6147641,49.2185638],[16.6147677,49.2185618]]],"type":"Polygon"},"properties":{"areaM2":23.0,"category":null,"code":null,"level":2,"namePrinted":null,"spaceId":"2:186"},"type":"Feature"},{"geometry":{"coordinates":[[[16.614848,49.218549],[16.6148546,49.218549],[16.6148743,49.2185567],[16.614877,49.2185596],[16.6148788,49.2185645],[16.6148867,49.2185707],[16.6148856,49.2185747],[16.6148743,49.218588],[16.614871,49.2185899],[16.614867,49.2185903],[16.6148628,49.2185894],[16.6148295,49.2185767],[16.6148264,49.2185737],[16.614827,49.2185703],[16.6148447,49.2185508],[16.614848,49.218549]]],"type":"Polygon"},"properties":{"areaM2":12.8,"category":"dorm?","code":null,"level":2,"namePrinted":null,"spaceId":"2:188"},"type":"Feature"},{"geometry":{"coordinates":[[[16.6150094,49.2185006],[16.6150163,49.2185006],[16.6150424,49.2185086],[16.6150459,49.2185104],[16.6150475,49.2185134],[16.6150235,49.21855],[16.6150216,49.2185516],[16.6150169,49.2185529],[16.6150116,49.2185521],[16.6149973,49.2185475],[16.6149949,49.218545],[16.6149932,49.2185406],[16.614985,49.2185358],[16.6149836,49.218533],[16.6150047,49.2185041],[16.6150094,49.2185006]]],"type":"Polygon"},"properties":{"areaM2":16.7,"category":null,"code":null,"level":2,"namePrinted":null,"spaceId":"2:189"},"type":"Feature"},{"geometry":{"coordinates":[[[16.61396,49.2178762],[16.6139662,49.2178761],[16.6139694,49.2178779],[16.6139741,49.2178787],[16.613977,49.2178815],[16.6139787,49.2178975],[16.6139817,49.2179015],[16.6139797,49.2179052],[16.6139804,49.2179089],[16.6139832,49.2179127],[16.6139815,49.2179163],[16.6139846,49.217933],[16.6139822,49.217937],[16.6139773,49.2179389],[16.6139727,49.2179385],[16.6139637,49.2179352],[16.6139622,49.2179332],[16.6139598,49.2179174],[16.6139566,49.2179143],[16.6139584,49.2179082],[16.6139581,49.217906],[16.6139549,49.2179021],[16.6139569,49.217898],[16.6139549,49.2178806],[16.6139561,49.2178784],[16.61396,49.2178762]]],"type":"Polygon"},"properties":{"areaM2":10.9,"category":"dorm?","code":null,"level":2,"namePrinted":null,"spaceId":"2:19"},"type":"Feature"},{"geometry":{"coordinates":[[[16.6149049,49.218558],[16.6149111,49.2185579],[16.614921,49.218562],[16.6149225,49.2185654],[16.6149204,49.2185689],[16.6149278,49.2185697],[16.6149353,49.2185675],[16.6149385,49.2185676],[16.6149417,49.2185686],[16.6149443,49.2185713],[16.6149436,49.218575],[16.6149228,49.2186026],[16.6149196,49.2186056],[16.6149161,49.2186067],[16.6149114,49.2186063],[16.6148802,49.2185956],[16.6148766,49.2185924],[16.6148771,49.2185892],[16.6149013,49.2185603],[16.6149049,49.218558]]],"type":"Polygon"},"properties":{"areaM2":16.0,"category":null,"code":null,"level":2,"namePrinted":null,"spaceId":"2:191"},"type":"Feature"},{"geometry":{"coordinates":[[[16.6150546,49.2185142],[16.6150597,49.2185139],[16.6150854,49.2185208],[16.6150884,49.2185223],[16.6150899,49.2185253],[16.6150866,49.2185298],[16.6150831,49.2185309],[16.6150784,49.2185306],[16.6150649,49.2185524],[16.6150593,49.2185588],[16.6150542,49.2185604],[16.6150491,49.2185594],[16.6150417,49.2185535],[16.6150367,49.2185544],[16.6150321,49.2185536],[16.6150289,49.2185497],[16.6150507,49.2185169],[16.6150546,49.2185142]]],"type":"Polygon"},"properties":{"areaM2":12.3,"category":"dorm?","code":null,"level":2,"namePrinted":null,"spaceId":"2:192"},"type":"Feature"},{"geometry":{"coordinates":[[[16.6149506,49.2185734],[16.6149546,49.218573],[16.6149592,49.2185742],[16.6149651,49.218583],[16.6149683,49.2185844],[16.6149743,49.218585],[16.6149775,49.2185889],[16.6149598,49.2186152],[16.6149573,49.2186174],[16.6149528,49.2186186],[16.6149483,49.2186179],[16.6149277,49.2186115],[16.6149255,49.2186101],[16.6149239,49.2186071],[16.6149467,49.2185758],[16.6149506,49.2185734]]],"type":"Polygon"},"properties":{"areaM2":11.5,"category":"dorm?","code":null,"level":2,"namePrinted":null,"spaceId":"2:198"},"type":"Feature"},{"geometry":{"coordinates":[[[16.6149206,49.2186184],[16.6149279,49.2186186],[16.6149828,49.2186356],[16.6150517,49.2186538],[16.6150628,49.2186575],[16.6150661,49.218662],[16.6150605,49.2186711],[16.6150569,49.2186734],[16.6150504,49.2186734],[16.6149722,49.218652],[16.6149252,49.2186381],[16.6149216,49.2186345],[16.6149165,49.218624],[16.614917,49.2186208],[16.6149206,49.2186184]]],"type":"Polygon"},"properties":{"areaM2":22.8,"category":null,"code":null,"level":2,"namePrinted":null,"spaceId":"2:203"},"type":"Feature"},{"geometry":{"coordinates":[[[16.614206,49.2178045],[16.61421,49.2178041],[16.6142134,49.2178049],[16.6142167,49.2178094],[16.614216,49.2178319],[16.6142182,49.2178505],[16.6142162,49.2178533],[16.6142112,49.2178549],[16.6142065,49.2178541],[16.614204,49.2178524],[16.6141798,49.2178273],[16.6141773,49.2178231],[16.6141811,49.217815],[16.614206,49.2178045]]],"type":"Polygon"},"properties":{"areaM2":10.9,"category":"dorm?","code":null,"level":2,"namePrinted":null,"spaceId":"2:21"},"type":"Feature"},{"geometry":{"coordinates":[[[16.6143382,49.2177681],[16.6143609,49.2177649],[16.6143756,49.2177654],[16.6143789,49.2177664],[16.614382,49.2177689],[16.6143863,49.217768],[16.6143912,49.2177687],[16.6144002,49.2177721],[16.614409,49.2177769],[16.6144168,49.2177828],[16.6144232,49.2177908],[16.6144267,49.217799],[16.6144279,49.2178084],[16.6144231,49.217822],[16.6144185,49.2178281],[16.6144078,49.2178366],[16.6143966,49.2178422],[16.6143879,49.2178449],[16.6143728,49.2178473],[16.6143598,49.2178479],[16.6143518,49.2178468],[16.614348,49.2178437],[16.6143429,49.2178448],[16.6143384,49.2178442],[16.6143305,49.2178416],[16.6143209,49.2178366],[16.6143113,49.2178289],[16.614306,49.2178226],[16.6143031,49.2178164],[16.614301,49.2178076],[16.6143022,49.2177984],[16.6143053,49.2177911],[16.614311,49.2177836],[16.6143176,49.2177776],[16.614328,49.2177717],[16.6143382,49.2177681]]],"type":"Polygon"},"properties":{"areaM2":66.4,"category":null,"code":null,"level":2,"namePrinted":null,"spaceId":"2:22"},"type":"Feature"},{"geometry":{"coordinates":[[[16.6141614,49.2178232],[16.6141703,49.2178233],[16.6141773,49.2178256],[16.6142177,49.2178674],[16.614219,49.2178691],[16.6142205,49.2178819],[16.6142191,49.2178852],[16.6142161,49.217887],[16.6142124,49.2178875],[16.6141002,49.2178943],[16.6140949,49.2178935],[16.614092,49.2178908],[16.6140915,49.2178885],[16.6140884,49.2178559],[16.6140897,49.217853],[16.6141614,49.2178232]]],"type":"Polygon"},"properties":{"areaM2":54.0,"category":null,"code":null,"level":2,"namePrinted":null,"spaceId":"2:23"},"type":"Feature"},{"geometry":{"coordinates":[[[16.6138672,49.2179156],[16.6139005,49.2179132],[16.6139062,49.2179143],[16.6139109,49.2179202],[16.6139116,49.2179228],[16.6139103,49.2179259],[16.613913,49.2179386],[16.613911,49.2179423],[16.6139066,49.2179439],[16.6138747,49.2179465],[16.6138696,49.2179454],[16.613867,49.2179427],[16.613863,49.2179274],[16.6138631,49.217919],[16.6138672,49.2179156]]],"type":"Polygon"},"properties":{"areaM2":11.5,"category":"dorm?","code":null,"level":2,"namePrinted":null,"spaceId":"2:24"},"type":"Feature"},{"geometry":{"coordinates":[[[16.6140306,49.2178743],[16.6140701,49.2178724],[16.6140754,49.2178732],[16.6140785,49.2178762],[16.6140803,49.2178838],[16.6140805,49.2178948],[16.6140792,49.2178972],[16.6140761,49.217899],[16.6140719,49.2178997],[16.6140351,49.217902],[16.6140291,49.217901],[16.6140255,49.217896],[16.6140275,49.2178923],[16.6140261,49.2178784],[16.6140273,49.2178762],[16.6140306,49.2178743]]],"type":"Polygon"},"properties":{"areaM2":11.6,"category":"dorm?","code":null,"level":2,"namePrinted":null,"spaceId":"2:25"},"type":"Feature"},{"geometry":{"coordinates":[[[16.6138735,49.2179495],[16.6139075,49.2179464],[16.6139126,49.2179475],[16.6139155,49.2179505],[16.6139179,49.2179641],[16.6139203,49.2179678],[16.6139194,49.2179738],[16.6139177,49.2179758],[16.6139132,49.2179774],[16.6138827,49.2179806],[16.6138767,49.2179796],[16.6138742,49.2179771],[16.6138696,49.2179618],[16.6138693,49.2179528],[16.6138735,49.2179495]]],"type":"Polygon"},"properties":{"areaM2":11.6,"category":"dorm?","code":null,"level":2,"namePrinted":null,"spaceId":"2:29"},"type":"Feature"},{"geometry":{"coordinates":[[[16.614171,49.217675],[16.6141783,49.2176752],[16.614301,49.2177101],[16.6143052,49.2177133],[16.6143046,49.2177168],[16.614301,49.2177191],[16.6142937,49.2177204],[16.6142837,49.2177241],[16.6142603,49.2177358],[16.614256,49.2177355],[16.614253,49.2177339],[16.614251,49.2177282],[16.6142467,49.2177249],[16.6142409,49.2177238],[16.6142352,49.217725],[16.6142312,49.2177289],[16.6142314,49.2177331],[16.6142368,49.217737],[16.6142473,49.2177386],[16.6142498,49.2177411],[16.6142493,49.2177443],[16.6142459,49.2177466],[16.6142169,49.2177586],[16.6142104,49.2177587],[16.6142063,49.2177561],[16.6141838,49.2177325],[16.614182,49.2177291],[16.6141832,49.2177265],[16.6141863,49.2177247],[16.6141982,49.2177245],[16.614203,49.2177224],[16.6142053,49.2177188],[16.614204,49.2177143],[16.6141991,49.2177115],[16.6141919,49.2177111],[16.614187,49.2177132],[16.6141821,49.2177199],[16.6141777,49.2177211],[16.614173,49.2177203],[16.6141612,49.2177088],[16.6141578,49.2177011],[16.6141496,49.2176967],[16.6141468,49.2176933],[16.6141482,49.2176863],[16.6141506,49.2176835],[16.614171,49.217675]]],"type":"Polygon"},"properties":{"areaM2":50.6,"category":"roof","code":null,"level":2,"namePrinted":null,"spaceId":"2:3"},"type":"Feature"},{"geometry":{"coordinates":[[[16.6140325,49.2179053],[16.6140745,49.2179024],[16.6140791,49.2179032],[16.6140824,49.2179064],[16.6140839,49.2179119],[16.6140855,49.2179247],[16.6140843,49.2179274],[16.6140788,49.2179297],[16.6140411,49.2179329],[16.6140364,49.2179321],[16.6140331,49.2179288],[16.6140311,49.2179158],[16.6140277,49.2179115],[16.6140284,49.2179082],[16.6140325,49.2179053]]],"type":"Polygon"},"properties":{"areaM2":11.7,"category":"dorm?","code":null,"level":2,"namePrinted":null,"spaceId":"2:30"},"type":"Feature"},{"geometry":{"coordinates":[[[16.61397,49.2179408],[16.613975,49.2179405],[16.6139788,49.2179422],[16.6139828,49.2179425],[16.6139871,49.2179459],[16.6139903,49.2179615],[16.6139935,49.2179646],[16.6139922,49.2179687],[16.6139928,49.2179717],[16.6139963,49.2179756],[16.6139949,49.2179801],[16.6139996,49.2179969],[16.6139972,49.2180009],[16.6139921,49.2180029],[16.6139878,49.2180026],[16.6139783,49.2179994],[16.6139732,49.2179822],[16.6139697,49.217979],[16.6139711,49.2179745],[16.6139704,49.217971],[16.6139669,49.217968],[16.6139685,49.2179632],[16.6139647,49.217946],[16.613966,49.2179431],[16.61397,49.2179408]]],"type":"Polygon"},"properties":{"areaM2":11.0,"category":"dorm?","code":null,"level":2,"namePrinted":null,"spaceId":"2:31"},"type":"Feature"},{"geometry":{"coordinates":[[[16.6140968,49.2179022],[16.6141571,49.2178982],[16.6141627,49.2178996],[16.6141676,49.2178976],[16.614205,49.2178953],[16.61421,49.2178962],[16.6142147,49.2178997],[16.6142162,49.2179017],[16.6142247,49.2179451],[16.614232,49.2179727],[16.6142401,49.2179992],[16.6142557,49.2180396],[16.6142547,49.2180467],[16.6142522,49.2180493],[16.6142212,49.2180557],[16.6142148,49.2180546],[16.6142124,49.2180521],[16.6142124,49.2180496],[16.6142203,49.2180402],[16.6142147,49.218027],[16.6141955,49.2180195],[16.614175,49.2180231],[16.6141641,49.2180357],[16.6141702,49.2180495],[16.6141859,49.2180557],[16.6141873,49.2180585],[16.6141861,49.2180611],[16.6141831,49.2180629],[16.6141477,49.2180697],[16.6141436,49.2180697],[16.6141395,49.2180679],[16.6141361,49.2180633],[16.6141269,49.2180373],[16.6141231,49.2180313],[16.614123,49.2180273],[16.6141166,49.2180082],[16.6141146,49.2180055],[16.6141136,49.2179981],[16.6141077,49.2179788],[16.6141055,49.2179758],[16.6141051,49.2179688],[16.6140987,49.2179472],[16.6140984,49.2179391],[16.6140944,49.2179195],[16.6140927,49.2179176],[16.6140917,49.2179123],[16.6140921,49.2179055],[16.6140968,49.2179022]]],"type":"Polygon"},"properties":{"areaM2":151.4,"category":"void","code":null,"level":2,"namePrinted":null,"spaceId":"2:32"},"type":"Feature"},{"geometry":{"coordinates":[[[16.6138822,49.2179838],[16.6139144,49.2179803],[16.6139199,49.2179815],[16.6139253,49.2179884],[16.6139246,49.2179922],[16.6139286,49.2180058],[16.6139266,49.218009],[16.6139216,49.2180108],[16.6138917,49.2180144],[16.6138857,49.2180134],[16.6138831,49.2180108],[16.6138818,49.2180055],[16.6138798,49.2180032],[16.6138771,49.2179887],[16.6138784,49.2179858],[16.6138822,49.2179838]]],"type":"Polygon"},"properties":{"areaM2":11.3,"category":"dorm?","code":null,"level":2,"namePrinted":null,"spaceId":"2:35"},"type":"Feature"},{"geometry":{"coordinates":[[[16.6140402,49.217936],[16.6140798,49.2179324],[16.6140845,49.2179332],[16.6140878,49.2179365],[16.6140901,49.2179431],[16.6140917,49.2179543],[16.6140905,49.2179574],[16.6140853,49.2179596],[16.6140454,49.2179637],[16.6140408,49.2179629],[16.6140366,49.2179585],[16.6140381,49.2179537],[16.6140356,49.2179408],[16.6140369,49.2179379],[16.6140402,49.217936]]],"type":"Polygon"},"properties":{"areaM2":11.7,"category":"dorm?","code":null,"level":2,"namePrinted":null,"spaceId":"2:39"},"type":"Feature"},{"geometry":{"coordinates":[[[16.6141303,49.2176921],[16.6141343,49.2176916],[16.6141386,49.2176923],[16.6141428,49.2176955],[16.6141427,49.217698],[16.6141384,49.2177037],[16.6141392,49.2177069],[16.6141434,49.2177105],[16.6141492,49.2177116],[16.6141584,49.2177101],[16.6141635,49.217712],[16.6141993,49.2177495],[16.6142015,49.2177537],[16.6141989,49.217757],[16.6141953,49.2177581],[16.6141908,49.2177579],[16.6141011,49.2177446],[16.6140961,49.2177447],[16.614092,49.2177429],[16.6140906,49.2177397],[16.614096,49.2177069],[16.6140996,49.2177045],[16.6141303,49.2176921]]],"type":"Polygon"},"properties":{"areaM2":34.0,"category":"roof","code":null,"level":2,"namePrinted":null,"spaceId":"2:4"},"type":"Feature"},{"geometry":{"coordinates":[[[16.6142271,49.2179017],[16.614233,49.2179011],[16.6142371,49.2179021],[16.614252,49.2179101],[16.6142546,49.2179128],[16.6142542,49.2179166],[16.6142601,49.2179405],[16.6142607,49.2179473],[16.6142657,49.2179628],[16.6142645,49.2179654],[16.6142606,49.2179674],[16.6142423,49.2179697],[16.6142384,49.2179686],[16.6142357,49.2179658],[16.6142299,49.2179437],[16.6142226,49.217907],[16.6142233,49.2179042],[16.6142271,49.2179017]]],"type":"Polygon"},"properties":{"areaM2":15.6,"category":null,"code":null,"level":2,"namePrinted":null,"spaceId":"2:44"},"type":"Feature"},{"geometry":{"coordinates":[[[16.614281,49.217889],[16.6143531,49.2178842],[16.6143572,49.2178846],[16.6143602,49.2178861],[16.6143616,49.2178881],[16.614371,49.2179353],[16.6143691,49.2179382],[16.6143619,49.2179413],[16.6143571,49.2179462],[16.6143528,49.2179476],[16.6143094,49.2179524],[16.6143055,49.2179513],[16.6143013,49.2179477],[16.6142833,49.2179497],[16.6142753,49.2179454],[16.6142675,49.2179429],[16.6142638,49.2179306],[16.6142642,49.2179221],[16.61426,49.2179134],[16.6142578,49.2179005],[16.6142606,49.217897],[16.6142748,49.2178942],[16.6142777,49.2178908],[16.614281,49.217889]]],"type":"Polygon"},"properties":{"areaM2":50.8,"category":null,"code":null,"level":2,"namePrinted":null,"spaceId":"2:46"},"type":"Feature"},{"geometry":{"coordinates":[[[16.614046,49.2179666],[16.6140862,49.2179622],[16.6140912,49.2179631],[16.6140944,49.2179662],[16.6140969,49.2179734],[16.6140991,49.2179842],[16.6140984,49.2179866],[16.6140929,49.2179894],[16.6140569,49.2179941],[16.6140505,49.2179934],[16.6140476,49.2179907],[16.6140439,49.2179775],[16.6140417,49.2179761],[16.61404,49.217973],[16.6140421,49.2179686],[16.614046,49.2179666]]],"type":"Polygon"},"properties":{"areaM2":11.8,"category":"dorm?","code":null,"level":2,"namePrinted":null,"spaceId":"2:47"},"type":"Feature"},{"geometry":{"coordinates":[[[16.6138914,49.2180174],[16.6139228,49.2180133],[16.6139295,49.2180143],[16.6139319,49.2180168],[16.6139358,49.2180303],[16.6139383,49.2180328],[16.6139382,49.2180396],[16.6139362,49.2180425],[16.6139318,49.2180441],[16.6139024,49.2180483],[16.613896,49.2180473],[16.6138932,49.2180443],[16.6138874,49.2180299],[16.6138866,49.2180207],[16.6138914,49.2180174]]],"type":"Polygon"},"properties":{"areaM2":11.6,"category":"dorm?","code":null,"level":2,"namePrinted":null,"spaceId":"2:48"},"type":"Feature"},{"geometry":{"coordinates":[[[16.6139859,49.2180046],[16.6139909,49.2180043],[16.6139947,49.218006],[16.6139989,49.2180063],[16.6140033,49.2180096],[16.6140078,49.2180248],[16.6140112,49.2180278],[16.6140101,49.2180319],[16.6140114,49.2180353],[16.6140151,49.2180387],[16.6140142,49.2180435],[16.6140205,49.2180603],[16.6140185,49.2180636],[16.6140131,49.2180659],[16.6140036,49.2180646],[16.6139991,49.2180627],[16.6139925,49.2180464],[16.613989,49.2180432],[16.6139902,49.2180389],[16.6139888,49.2180352],[16.6139851,49.2180319],[16.6139865,49.2180278],[16.6139809,49.2180099],[16.6139824,49.2180067],[16.6139859,49.2180046]]],"type":"Polygon"},"properties":{"areaM2":10.9,"category":"dorm?","code":null,"level":2,"namePrinted":null,"spaceId":"2:49"},"type":"Feature"},{"geometry":{"coordinates":[[[16.6140943,49.2177473],[16.6140994,49.217747],[16.6141043,49.2177495],[16.6141628,49.2178101],[16.6141651,49.2178141],[16.6141634,49.2178199],[16.6141604,49.2178231],[16.6140998,49.217848],[16.6140955,49.2178489],[16.6140909,49.2178481],[16.6140878,49.2178452],[16.6140867,49.2178175],[16.6140894,49.2177526],[16.6140907,49.2177493],[16.6140943,49.2177473]]],"type":"Polygon"},"properties":{"areaM2":39.1,"category":"roof","code":null,"level":2,"namePrinted":null,"spaceId":"2:5"},"type":"Feature"},{"geometry":{"coordinates":[[[16.6140562,49.217997],[16.6140934,49.2179923],[16.6140993,49.2179931],[16.6141025,49.2179962],[16.6141055,49.218002],[16.6141082,49.2180139],[16.6141074,49.2180162],[16.6141055,49.2180178],[16.6141011,49.2180191],[16.6140639,49.2180246],[16.6140574,49.2180238],[16.6140537,49.2180197],[16.614055,49.218015],[16.6140509,49.2180017],[16.6140521,49.2179991],[16.6140562,49.217997]]],"type":"Polygon"},"properties":{"areaM2":11.6,"category":"dorm?","code":null,"level":2,"namePrinted":null,"spaceId":"2:51"},"type":"Feature"},{"geometry":{"coordinates":[[[16.6139021,49.2180513],[16.613932,49.2180469],[16.6139379,49.2180477],[16.6139409,49.2180506],[16.613941,49.2180529],[16.6139446,49.218054],[16.6139472,49.2180566],[16.6139524,49.2180702],[16.6139514,49.218074],[16.6139476,49.218076],[16.6139147,49.2180815],[16.6139081,49.218081],[16.6139049,49.2180779],[16.6139014,49.218071],[16.6138976,49.2180576],[16.613898,49.2180538],[16.6139021,49.2180513]]],"type":"Polygon"},"properties":{"areaM2":11.7,"category":"dorm?","code":null,"level":2,"namePrinted":null,"spaceId":"2:52"},"type":"Feature"},{"geometry":{"coordinates":[[[16.6142433,49.2179702],[16.6142616,49.2179679],[16.6142659,49.217969],[16.6142686,49.2179719],[16.6142735,49.2179902],[16.6142849,49.2180221],[16.6142839,49.2180246],[16.6142754,49.2180344],[16.6142701,49.2180369],[16.6142646,49.2180372],[16.6142605,49.2180354],[16.6142552,49.2180238],[16.6142388,49.2179765],[16.6142392,49.2179727],[16.6142433,49.2179702]]],"type":"Polygon"},"properties":{"areaM2":15.4,"category":null,"code":null,"level":2,"namePrinted":null,"spaceId":"2:56"},"type":"Feature"},{"geometry":{"coordinates":[[[16.6140643,49.2180274],[16.6141026,49.2180216],[16.6141078,49.2180218],[16.6141107,49.2180233],[16.6141151,49.2180314],[16.6141187,49.2180423],[16.6141181,49.2180458],[16.6141123,49.2180486],[16.6140775,49.2180544],[16.614072,49.2180542],[16.6140676,49.2180507],[16.614063,49.2180389],[16.6140589,49.2180354],[16.6140596,49.2180307],[16.6140643,49.2180274]]],"type":"Polygon"},"properties":{"areaM2":11.8,"category":"dorm?","code":null,"level":2,"namePrinted":null,"spaceId":"2:57"},"type":"Feature"},{"geometry":{"coordinates":[[[16.6143108,49.2179556],[16.6143598,49.2179499],[16.6143654,49.2179477],[16.6143688,49.2179481],[16.6143743,49.2179505],[16.614391,49.2179991],[16.6144001,49.2180202],[16.6144,49.2180231],[16.6143968,49.2180264],[16.6143923,49.2180276],[16.6143881,49.2180268],[16.6143401,49.2180361],[16.6143358,49.2180358],[16.6143328,49.2180343],[16.6143243,49.2180144],[16.6143194,49.2180107],[16.614321,49.2180056],[16.6143125,49.2179823],[16.6143061,49.2179603],[16.6143075,49.2179575],[16.6143108,49.2179556]]],"type":"Polygon"},"properties":{"areaM2":46.2,"category":null,"code":null,"level":2,"namePrinted":null,"spaceId":"2:58"},"type":"Feature"},{"geometry":{"coordinates":[[[16.6139148,49.2180846],[16.6139487,49.2180789],[16.6139543,49.2180796],[16.6139575,49.2180827],[16.6139629,49.2180966],[16.6139628,49.2180991],[16.6139605,49.2181014],[16.6139621,49.218105],[16.6139609,49.2181076],[16.6139576,49.2181095],[16.6139288,49.218115],[16.6139221,49.2181144],[16.6139189,49.2181113],[16.6139143,49.2181032],[16.61391,49.218091],[16.6139104,49.2180872],[16.6139148,49.2180846]]],"type":"Polygon"},"properties":{"areaM2":11.8,"category":"dorm?","code":null,"level":2,"namePrinted":null,"spaceId":"2:59"},"type":"Feature"},{"geometry":{"coordinates":[[[16.6140081,49.2180681],[16.6140121,49.2180677],[16.6140166,49.2180691],[16.6140212,49.2180693],[16.6140241,49.2180709],[16.6140258,49.2180732],[16.6140314,49.2180868],[16.6140356,49.2180904],[16.6140348,49.218095],[16.6140361,49.218098],[16.6140402,49.2181011],[16.6140397,49.2181055],[16.6140472,49.218121],[16.6140465,49.2181247],[16.6140421,49.2181277],[16.6140381,49.2181281],[16.6140304,49.218127],[16.6140263,49.2181253],[16.6140185,49.2181095],[16.6140141,49.2181059],[16.6140149,49.218101],[16.6140133,49.218098],[16.6140096,49.2180951],[16.6140105,49.2180907],[16.614003,49.2180732],[16.6140044,49.2180703],[16.6140081,49.2180681]]],"type":"Polygon"},"properties":{"areaM2":10.9,"category":"dorm?","code":null,"level":2,"namePrinted":null,"spaceId":"2:61"},"type":"Feature"},{"geometry":{"coordinates":[[[16.6140774,49.2180573],[16.6141149,49.2180509],[16.6141192,49.2180512],[16.6141222,49.2180527],[16.6141267,49.2180603],[16.6141305,49.2180714],[16.61413,49.2180746],[16.6141256,49.2180772],[16.6140876,49.2180846],[16.6140822,49.2180844],[16.6140792,49.2180829],[16.6140769,49.2180798],[16.6140775,49.2180755],[16.6140723,49.2180619],[16.6140735,49.2180593],[16.6140774,49.2180573]]],"type":"Polygon"},"properties":{"areaM2":11.7,"category":"dorm","code":"N3061a","level":2,"namePrinted":"Pokoj","spaceId":"2:62"},"type":"Feature"},{"geometry":{"coordinates":[[[16.6139294,49.2181179],[16.6139598,49.2181121],[16.6139657,49.2181129],[16.6139724,49.21812],[16.6139725,49.2181235],[16.6139789,49.2181358],[16.613978,49.2181396],[16.6139741,49.2181416],[16.6139438,49.218148],[16.6139374,49.2181473],[16.6139293,49.2181368],[16.6139245,49.2181237],[16.613925,49.2181205],[16.6139294,49.2181179]]],"type":"Polygon"},"properties":{"areaM2":11.4,"category":"dorm?","code":null,"level":2,"namePrinted":null,"spaceId":"2:65"},"type":"Feature"},{"geometry":{"coordinates":[[[16.6140884,49.2180874],[16.6141262,49.2180801],[16.6141316,49.2180802],[16.6141346,49.2180818],[16.6141396,49.2180898],[16.6141439,49.2181006],[16.6141435,49.2181038],[16.6141386,49.2181065],[16.6141024,49.2181144],[16.6140981,49.2181141],[16.6140951,49.2181125],[16.6140881,49.218099],[16.6140835,49.2180953],[16.6140843,49.2180899],[16.6140884,49.2180874]]],"type":"Polygon"},"properties":{"areaM2":11.8,"category":"dorm","code":"N3060a","level":2,"namePrinted":"Pokoj","spaceId":"2:69"},"type":"Feature"},{"geometry":{"coordinates":[[[16.614114,49.2177482],[16.6141204,49.217748],[16.6142111,49.2177614],[16.6142228,49.2177569],[16.6142289,49.2177579],[16.6142313,49.2177604],[16.6142312,49.2177629],[16.6142226,49.2177772],[16.6142173,49.2177914],[16.6142163,49.217798],[16.6142143,49.2178005],[16.6141816,49.217814],[16.6141759,49.2178143],[16.6141664,49.2178124],[16.6141111,49.2177558],[16.6141097,49.2177513],[16.614114,49.2177482]]],"type":"Polygon"},"properties":{"areaM2":37.6,"category":"roof","code":null,"level":2,"namePrinted":null,"spaceId":"2:7"},"type":"Feature"},{"geometry":{"coordinates":[[[16.6141537,49.2180746],[16.6141778,49.2180699],[16.6141816,49.2180699],[16.6142251,49.218085],[16.6142275,49.2180887],[16.6142266,49.2180931],[16.6142042,49.218121],[16.6141782,49.2181275],[16.614174,49.2181272],[16.614171,49.2181257],[16.6141581,49.218102],[16.6141485,49.2180811],[16.6141489,49.2180773],[16.6141537,49.2180746]]],"type":"Polygon"},"properties":{"areaM2":24.2,"category":"terrace","code":null,"level":2,"namePrinted":null,"spaceId":"2:71"},"type":"Feature"},{"geometry":{"coordinates":[[[16.6139445,49.2181507],[16.6139767,49.2181438],[16.6139799,49.2181439],[16.6139846,49.2181457],[16.6140227,49.2181379],[16.6140282,49.2181398],[16.6140349,49.2181533],[16.6140308,49.218158],[16.614029,49.2181629],[16.6140254,49.2181653],[16.6139578,49.2181809],[16.6139526,49.218179],[16.6139432,49.2181648],[16.6139399,49.2181547],[16.6139411,49.2181525],[16.6139445,49.2181507]]],"type":"Polygon"},"properties":{"areaM2":20.8,"category":null,"code":null,"level":2,"namePrinted":null,"spaceId":"2:74"},"type":"Feature"},{"geometry":{"coordinates":[[[16.6142606,49.218054],[16.6142897,49.2180484],[16.614294,49.2180487],[16.614297,49.2180502],[16.6143158,49.2180877],[16.6143158,49.2180906],[16.6143134,49.218093],[16.6142911,49.2180987],[16.6142869,49.2181017],[16.6142815,49.2181024],[16.6142394,49.2180879],[16.6142369,49.2180836],[16.6142376,49.2180798],[16.6142555,49.2180568],[16.6142606,49.218054]]],"type":"Polygon"},"properties":{"areaM2":23.0,"category":"terrace","code":null,"level":2,"namePrinted":null,"spaceId":"2:75"},"type":"Feature"},{"geometry":{"coordinates":[[[16.6143294,49.2180411],[16.6143848,49.2180305],[16.6143895,49.2180309],[16.6143963,49.2180339],[16.6144039,49.2180344],[16.6144081,49.2180376],[16.6144195,49.2180606],[16.6144191,49.2180638],[16.6144126,49.2180679],[16.6144106,49.2180724],[16.614407,49.2180748],[16.6143804,49.2180811],[16.6143766,49.2180806],[16.6143696,49.2180779],[16.6143639,49.2180778],[16.6143643,49.2180834],[16.6143623,49.2180851],[16.6143562,49.218087],[16.6143505,49.2180877],[16.6143275,49.2180849],[16.6143245,49.2180834],[16.6143225,49.2180805],[16.6143104,49.218055],[16.6143128,49.2180518],[16.6143294,49.2180411]]],"type":"Polygon"},"properties":{"areaM2":35.6,"category":null,"code":null,"level":2,"namePrinted":null,"spaceId":"2:77"},"type":"Feature"},{"geometry":{"coordinates":[[[16.6141044,49.2181166],[16.6141402,49.2181091],[16.6141456,49.2181092],[16.6141486,49.2181108],[16.6141547,49.2181201],[16.6141588,49.2181291],[16.6141583,49.2181323],[16.6141539,49.2181349],[16.6141185,49.2181433],[16.6141143,49.218144],[16.6141106,49.2181435],[16.6141076,49.218142],[16.6141056,49.2181393],[16.6141061,49.2181349],[16.6140998,49.2181228],[16.6141003,49.2181191],[16.6141044,49.2181166]]],"type":"Polygon"},"properties":{"areaM2":11.7,"category":"dorm","code":"N3059a","level":2,"namePrinted":"Pokoj","spaceId":"2:78"},"type":"Feature"},{"geometry":{"coordinates":[[[16.6139622,49.2181832],[16.614038,49.2181654],[16.6140445,49.2181661],[16.6140489,49.2181704],[16.6140577,49.2181654],[16.6140707,49.2181652],[16.6140708,49.2181627],[16.6140733,49.2181601],[16.6140819,49.218157],[16.6140883,49.2181562],[16.6140909,49.2181534],[16.6140944,49.2181519],[16.6141583,49.218137],[16.6141634,49.2181381],[16.6141667,49.2181417],[16.6141922,49.2181848],[16.614191,49.2181874],[16.6141879,49.2181892],[16.6141093,49.2182117],[16.6141022,49.2182119],[16.6140962,49.2182074],[16.6140875,49.2182126],[16.6140758,49.2182134],[16.6140706,49.2182126],[16.6140666,49.2182097],[16.6140593,49.2181962],[16.6140534,49.2181891],[16.6140496,49.2181804],[16.6140479,49.2181801],[16.6140058,49.218191],[16.6140031,49.2181933],[16.6139942,49.2181961],[16.6139851,49.2181965],[16.613981,49.2181994],[16.6139709,49.218202],[16.613966,49.2182012],[16.613963,49.2181997],[16.6139568,49.2181898],[16.6139571,49.218186],[16.6139622,49.2181832]]],"type":"Polygon"},"properties":{"areaM2":71.1,"category":"circulation","code":"N3093","level":2,"namePrinted":"Chodba","spaceId":"2:81"},"type":"Feature"},{"geometry":{"coordinates":[[[16.6141776,49.2181322],[16.6142138,49.2181231],[16.6142214,49.2181228],[16.6142244,49.2181243],[16.6142325,49.2181367],[16.6142347,49.2181381],[16.6142363,49.2181415],[16.6142395,49.2181433],[16.6142405,49.2181473],[16.614245,49.2181508],[16.6142445,49.2181541],[16.6142409,49.2181564],[16.6142034,49.2181671],[16.6141973,49.2181686],[16.614193,49.2181683],[16.61419,49.2181668],[16.6141877,49.2181636],[16.6141725,49.2181381],[16.614173,49.2181349],[16.6141776,49.2181322]]],"type":"Polygon"},"properties":{"areaM2":17.5,"category":null,"code":null,"level":2,"namePrinted":null,"spaceId":"2:82"},"type":"Feature"},{"geometry":{"coordinates":[[[16.6142431,49.2181162],[16.6142875,49.2181058],[16.614293,49.2181065],[16.6142967,49.2181103],[16.6143025,49.21812],[16.6143025,49.218123],[16.6142996,49.2181276],[16.6143022,49.2181303],[16.6143017,49.2181378],[16.6142981,49.2181402],[16.6142656,49.2181495],[16.6142615,49.21815],[16.6142578,49.2181491],[16.6142497,49.2181424],[16.6142485,49.2181385],[16.6142451,49.2181352],[16.614245,49.2181328],[16.6142373,49.2181231],[16.6142375,49.2181192],[16.6142431,49.2181162]]],"type":"Polygon"},"properties":{"areaM2":16.4,"category":null,"code":null,"level":2,"namePrinted":null,"spaceId":"2:83"},"type":"Feature"},{"geometry":{"coordinates":[[[16.6143378,49.2180909],[16.6143486,49.2180898],[16.6143537,49.2180916],[16.6143736,49.2181249],[16.6143792,49.2181295],[16.6143787,49.2181328],[16.6143823,49.2181382],[16.6143818,49.2181414],[16.6143783,49.2181437],[16.6143699,49.2181464],[16.6143658,49.2181468],[16.6143624,49.218146],[16.6143581,49.2181414],[16.6143564,49.2181412],[16.6143332,49.218148],[16.614327,49.2181481],[16.6143241,49.2181466],[16.6143158,49.2181332],[16.6143104,49.2181312],[16.6143061,49.2181245],[16.6143074,49.2181198],[16.6143003,49.2181079],[16.6143013,49.2181042],[16.6143051,49.2181021],[16.6143297,49.2180965],[16.6143378,49.2180909]]],"type":"Polygon"},"properties":{"areaM2":25.0,"category":"circulation","code":"N3014","level":2,"namePrinted":"Chodba","spaceId":"2:84"},"type":"Feature"},{"geometry":{"coordinates":[[[16.6140204,49.2181914],[16.6140394,49.2181865],[16.6140463,49.2181874],[16.6140506,49.218192],[16.6140554,49.2182021],[16.6140606,49.2182083],[16.6140615,49.2182121],[16.6140595,49.218215],[16.6140364,49.2182214],[16.6140303,49.2182204],[16.6140153,49.2181973],[16.6140158,49.2181941],[16.6140204,49.2181914]]],"type":"Polygon"},"properties":{"areaM2":8.6,"category":"circulation","code":"N3093b","level":2,"namePrinted":"Výtah","spaceId":"2:85"},"type":"Feature"},{"geometry":{"coordinates":[[[16.614395,49.2180986],[16.6144288,49.2180901],[16.6144355,49.218091],[16.6144596,49.2181271],[16.6144595,49.2181296],[16.6144578,49.2181316],[16.6144029,49.2181483],[16.6143988,49.2181488],[16.6143949,49.2181477],[16.6143847,49.2181337],[16.6143848,49.2181313],[16.6143882,49.2181265],[16.6143879,49.2181223],[16.6143819,49.218123],[16.614378,49.2181219],[16.6143724,49.2181138],[16.614375,49.2181102],[16.6143843,49.2181079],[16.6143878,49.2181045],[16.6143891,49.2181012],[16.614395,49.2180986]]],"type":"Polygon"},"properties":{"areaM2":25.7,"category":null,"code":null,"level":2,"namePrinted":null,"spaceId":"2:89"},"type":"Feature"},{"geometry":{"coordinates":[[[16.6138606,49.2178469],[16.6138954,49.2178458],[16.6139005,49.2178477],[16.6139042,49.2178553],[16.6139026,49.2178591],[16.6139039,49.2178716],[16.6139011,49.2178751],[16.6138956,49.2178765],[16.6138659,49.2178778],[16.6138621,49.2178773],[16.6138591,49.2178758],[16.6138562,49.2178671],[16.6138554,49.2178595],[16.6138565,49.2178576],[16.6138563,49.21785],[16.6138606,49.2178469]]],"type":"Polygon"},"properties":{"areaM2":11.3,"category":"dorm?","code":null,"level":2,"namePrinted":null,"spaceId":"2:9"},"type":"Feature"},{"geometry":{"coordinates":[[[16.613999,49.2182486],[16.6140636,49.2182297],[16.6140687,49.2182293],[16.6140744,49.2182316],[16.6140769,49.2182341],[16.6140764,49.2182373],[16.6140728,49.2182397],[16.6140576,49.2182445],[16.6140586,49.2182489],[16.6140558,49.2182528],[16.6140689,49.2182708],[16.6140738,49.2182715],[16.6140768,49.218273],[16.6140876,49.2182883],[16.6140876,49.2182908],[16.6140859,49.2182927],[16.6140442,49.2183072],[16.6140402,49.2183076],[16.6140363,49.2183066],[16.614025,49.2182942],[16.6140156,49.2182791],[16.6140041,49.2182651],[16.6139973,49.2182531],[16.6139973,49.2182506],[16.613999,49.2182486]]],"type":"Polygon"},"properties":{"areaM2":32.2,"category":null,"code":null,"level":2,"namePrinted":null,"spaceId":"2:91"},"type":"Feature"},{"geometry":{"coordinates":[[[16.61416,49.218202],[16.614188,49.218194],[16.6141956,49.2181937],[16.6141986,49.2181952],[16.6142055,49.2182039],[16.614211,49.2182127],[16.6142105,49.2182159],[16.6142069,49.2182182],[16.6141725,49.218229],[16.6141663,49.2182291],[16.6141634,49.2182275],[16.6141545,49.218215],[16.6141508,49.2182133],[16.6141492,49.2182111],[16.6141503,49.2182058],[16.61416,49.218202]]],"type":"Polygon"},"properties":{"areaM2":11.6,"category":"dorm?","code":null,"level":2,"namePrinted":null,"spaceId":"2:94"},"type":"Feature"},{"geometry":{"coordinates":[[[16.6142155,49.2181859],[16.614236,49.2181801],[16.6142409,49.2181795],[16.6142859,49.2181898],[16.6142889,49.2181914],[16.6142922,49.2181959],[16.6142921,49.2181983],[16.6142763,49.2182272],[16.6142743,49.2182289],[16.6142496,49.218237],[16.6142454,49.2182367],[16.6142424,49.2182352],[16.614211,49.2181922],[16.6142114,49.2181884],[16.6142155,49.2181859]]],"type":"Polygon"},"properties":{"areaM2":24.4,"category":null,"code":null,"level":2,"namePrinted":null,"spaceId":"2:95"},"type":"Feature"},{"geometry":{"coordinates":[[[16.6143183,49.2181568],[16.6143223,49.2181561],[16.6143268,49.2181568],[16.6143475,49.2181509],[16.6143536,49.2181519],[16.6143813,49.2181891],[16.6143812,49.2181915],[16.6143795,49.2181935],[16.6143488,49.2182037],[16.6143043,49.2181933],[16.6142998,49.2181879],[16.6142999,49.2181855],[16.6143145,49.2181592],[16.6143183,49.2181568]]],"type":"Polygon"},"properties":{"areaM2":23.0,"category":null,"code":null,"level":2,"namePrinted":null,"spaceId":"2:97"},"type":"Feature"},{"geometry":{"coordinates":[[[16.6144029,49.2181518],[16.614457,49.2181351],[16.614461,49.2181346],[16.6144644,49.2181354],[16.6144927,49.2181708],[16.6144922,49.218174],[16.6144877,49.2181769],[16.6144515,49.2181894],[16.61444,49.2181873],[16.6144308,49.2181883],[16.6144241,49.2181869],[16.6144181,49.21818],[16.6144182,49.2181775],[16.6144211,49.2181733],[16.6144201,49.2181685],[16.614415,49.2181697],[16.6144099,49.2181687],[16.6144003,49.2181555],[16.6144029,49.2181518]]],"type":"Polygon"},"properties":{"areaM2":25.8,"category":null,"code":null,"level":2,"namePrinted":null,"spaceId":"2:99"},"type":"Feature"},{"geometry":{"coordinates":[[[16.6141362,49.2176644],[16.6141413,49.2176642],[16.614149,49.2176663],[16.6143069,49.2177117],[16.6143102,49.2177136],[16.6143114,49.2177169],[16.6143085,49.2177201],[16.6142905,49.2177258],[16.614282,49.2177297],[16.6142594,49.2177427],[16.614241,49.2177589],[16.614229,49.2177768],[16.614225,49.2177864],[16.6142217,49.2178056],[16.614222,49.2178349],[16.6142261,49.2178817],[16.6142247,49.2178843],[16.6142215,49.2178859],[16.6142172,49.2178864],[16.6140979,49.2178932],[16.6140942,49.217892],[16.614092,49.2178894],[16.6140895,49.2178674],[16.6140871,49.2178165],[16.6140895,49.2177651],[16.6140954,49.217714],[16.6141003,49.217691],[16.6141041,49.2176888],[16.6141141,49.217687],[16.6141221,49.2176836],[16.61413,49.2176754],[16.6141324,49.2176666],[16.6141362,49.2176644]]],"type":"Polygon"},"properties":{"areaM2":257.1,"category":"roof","code":null,"level":3,"namePrinted":null,"spaceId":"3:1"},"type":"Feature"},{"geometry":{"coordinates":[[[16.6139895,49.2178107],[16.614072,49.2178093],[16.6140747,49.2178103],[16.6140771,49.2178131],[16.614077,49.2178316],[16.6140745,49.2178338],[16.6140703,49.2178349],[16.6139894,49.217836],[16.6139866,49.217835],[16.6139843,49.2178322],[16.6139838,49.2178202],[16.613985,49.2178137],[16.6139895,49.2178107]]],"type":"Polygon"},"properties":{"areaM2":18.9,"category":null,"code":null,"level":3,"namePrinted":null,"spaceId":"3:10"},"type":"Feature"},{"geometry":{"coordinates":[[[16.6145026,49.2181855],[16.6145076,49.2181853],[16.6145116,49.2181872],[16.6145427,49.2182219],[16.6145724,49.2182505],[16.6145736,49.218254],[16.6145707,49.2182572],[16.6145662,49.2182582],[16.6145596,49.2182573],[16.6144885,49.2182464],[16.6144839,49.2182439],[16.6144807,49.2182398],[16.6144809,49.2182375],[16.614498,49.2181889],[16.6145026,49.2181855]]],"type":"Polygon"},"properties":{"areaM2":28.4,"category":"roof","code":null,"level":3,"namePrinted":null,"spaceId":"3:100"},"type":"Feature"},{"geometry":{"coordinates":[[[16.6142505,49.2182736],[16.6142556,49.2182735],[16.6142595,49.2182754],[16.6142654,49.218281],[16.6142724,49.2182903],[16.6142739,49.2182926],[16.6142736,49.2182951],[16.614271,49.2182974],[16.6142403,49.2183094],[16.6142347,49.2183096],[16.6142249,49.2183051],[16.6142154,49.2182937],[16.6142135,49.2182906],[16.6142138,49.2182882],[16.6142163,49.2182859],[16.6142505,49.2182736]]],"type":"Polygon"},"properties":{"areaM2":11.4,"category":"dorm?","code":null,"level":3,"namePrinted":null,"spaceId":"3:101"},"type":"Feature"},{"geometry":{"coordinates":[[[16.6141566,49.2183046],[16.6141617,49.2183044],[16.6141693,49.2183064],[16.6141829,49.2183216],[16.6141879,49.2183243],[16.6141888,49.2183282],[16.6141914,49.2183313],[16.6141967,49.2183341],[16.614198,49.2183385],[16.6142123,49.2183543],[16.6142113,49.2183596],[16.6142069,49.2183627],[16.6141981,49.2183627],[16.6141943,49.2183615],[16.6141791,49.2183457],[16.6141739,49.2183433],[16.6141727,49.2183413],[16.6141731,49.218339],[16.6141711,49.2183367],[16.6141655,49.218334],[16.6141644,49.2183293],[16.6141505,49.2183128],[16.6141528,49.2183068],[16.6141566,49.2183046]]],"type":"Polygon"},"properties":{"areaM2":11.3,"category":"dorm?","code":null,"level":3,"namePrinted":null,"spaceId":"3:102"},"type":"Feature"},{"geometry":{"coordinates":[[[16.6140985,49.2183282],[16.6141035,49.2183281],[16.6141078,49.2183301],[16.6141171,49.2183411],[16.6141218,49.2183443],[16.6141251,49.2183521],[16.6141222,49.2183553],[16.6140946,49.218366],[16.6140895,49.2183666],[16.6140846,49.2183645],[16.6140767,49.2183567],[16.6140677,49.2183451],[16.6140666,49.2183419],[16.6140696,49.2183385],[16.6140985,49.2183282]]],"type":"Polygon"},"properties":{"areaM2":11.6,"category":"dorm?","code":null,"level":3,"namePrinted":null,"spaceId":"3:103"},"type":"Feature"},{"geometry":{"coordinates":[[[16.6142735,49.2182999],[16.6142786,49.2182997],[16.6142825,49.2183017],[16.6142965,49.2183164],[16.6142975,49.2183209],[16.614295,49.2183232],[16.6142646,49.2183359],[16.6142599,49.2183371],[16.6142568,49.2183369],[16.6142528,49.218335],[16.6142409,49.2183227],[16.6142397,49.2183206],[16.6142394,49.2183143],[16.6142429,49.2183116],[16.6142735,49.2182999]]],"type":"Polygon"},"properties":{"areaM2":11.3,"category":"dorm?","code":null,"level":3,"namePrinted":null,"spaceId":"3:107"},"type":"Feature"},{"geometry":{"coordinates":[[[16.6144838,49.2182471],[16.6144904,49.2182471],[16.614581,49.218261],[16.6145847,49.2182622],[16.6146053,49.2182801],[16.6146485,49.2183141],[16.6146497,49.218316],[16.6146494,49.2183185],[16.6146464,49.218321],[16.6145224,49.218393],[16.6145149,49.218396],[16.6145085,49.2183945],[16.6144693,49.2183636],[16.614465,49.2183592],[16.6144653,49.2183567],[16.6144673,49.2183546],[16.6144961,49.2183398],[16.6145034,49.2183389],[16.614506,49.2183348],[16.6145237,49.2183257],[16.614495,49.2183009],[16.6144754,49.2182829],[16.6144683,49.2182751],[16.6144759,49.2182516],[16.6144779,49.2182495],[16.6144838,49.2182471]]],"type":"Polygon"},"properties":{"areaM2":125.7,"category":"roof","code":null,"level":3,"namePrinted":null,"spaceId":"3:108"},"type":"Feature"},{"geometry":{"coordinates":[[[16.6141247,49.2183578],[16.6141309,49.2183579],[16.6141381,49.2183624],[16.6141399,49.2183667],[16.6141499,49.2183769],[16.6141516,49.2183811],[16.6141487,49.2183842],[16.614122,49.2183951],[16.6141164,49.2183958],[16.6141126,49.2183946],[16.6141043,49.2183875],[16.6140944,49.2183754],[16.6140931,49.218372],[16.614096,49.2183688],[16.6141247,49.2183578]]],"type":"Polygon"},"properties":{"areaM2":11.4,"category":"dorm?","code":null,"level":3,"namePrinted":null,"spaceId":"3:111"},"type":"Feature"},{"geometry":{"coordinates":[[[16.6142978,49.2183254],[16.6143029,49.2183253],[16.6143074,49.2183276],[16.6143218,49.2183421],[16.614323,49.2183454],[16.6143201,49.2183485],[16.6142918,49.2183612],[16.6142877,49.2183623],[16.6142845,49.2183621],[16.6142751,49.2183581],[16.6142631,49.2183456],[16.6142619,49.2183423],[16.6142652,49.2183389],[16.6142978,49.2183254]]],"type":"Polygon"},"properties":{"areaM2":11.3,"category":"dorm?","code":null,"level":3,"namePrinted":null,"spaceId":"3:112"},"type":"Feature"},{"geometry":{"coordinates":[[[16.6142095,49.218363],[16.6142165,49.218362],[16.614221,49.218363],[16.6142348,49.2183764],[16.6142407,49.218379],[16.6142416,49.2183829],[16.6142452,49.2183863],[16.6142502,49.2183884],[16.6142515,49.2183926],[16.6142662,49.2184064],[16.6142653,49.2184098],[16.6142608,49.2184134],[16.6142539,49.218415],[16.6142481,49.218414],[16.6142335,49.2184006],[16.6142276,49.218398],[16.6142258,49.2183931],[16.6142182,49.2183892],[16.6142173,49.2183848],[16.6142029,49.21837],[16.6142037,49.2183668],[16.6142095,49.218363]]],"type":"Polygon"},"properties":{"areaM2":10.5,"category":"dorm?","code":null,"level":3,"namePrinted":null,"spaceId":"3:113"},"type":"Feature"},{"geometry":{"coordinates":[[[16.6141516,49.2183864],[16.6141566,49.2183863],[16.614161,49.2183885],[16.614171,49.2183987],[16.6141765,49.2184016],[16.6141799,49.2184091],[16.6141756,49.218413],[16.6141511,49.2184239],[16.6141454,49.2184248],[16.6141416,49.2184237],[16.6141321,49.2184157],[16.6141223,49.2184047],[16.6141207,49.2184008],[16.6141236,49.2183976],[16.6141516,49.2183864]]],"type":"Polygon"},"properties":{"areaM2":11.5,"category":"dorm?","code":null,"level":3,"namePrinted":null,"spaceId":"3:114"},"type":"Feature"},{"geometry":{"coordinates":[[[16.6143235,49.2183506],[16.6143296,49.2183507],[16.6143375,49.218356],[16.6143477,49.2183662],[16.6143494,49.2183703],[16.6143465,49.2183735],[16.6143169,49.2183875],[16.6143099,49.2183884],[16.614306,49.2183864],[16.6142925,49.2183745],[16.6142901,49.2183672],[16.614293,49.2183641],[16.6143235,49.2183506]]],"type":"Polygon"},"properties":{"areaM2":11.3,"category":"dorm?","code":null,"level":3,"namePrinted":null,"spaceId":"3:117"},"type":"Feature"},{"geometry":{"coordinates":[[[16.6141808,49.2184144],[16.6141869,49.2184146],[16.6141946,49.2184191],[16.6141967,49.2184231],[16.614208,49.2184334],[16.6142094,49.2184366],[16.6142064,49.2184402],[16.6141821,49.2184518],[16.6141768,49.218453],[16.6141719,49.218452],[16.6141631,49.2184456],[16.6141512,49.2184332],[16.6141499,49.2184302],[16.6141528,49.2184266],[16.6141808,49.2184144]]],"type":"Polygon"},"properties":{"areaM2":11.5,"category":"dorm?","code":null,"level":3,"namePrinted":null,"spaceId":"3:120"},"type":"Feature"},{"geometry":{"coordinates":[[[16.6143507,49.2183753],[16.6143568,49.2183755],[16.6143649,49.2183807],[16.614376,49.2183913],[16.6143771,49.2183945],[16.6143749,49.2183973],[16.6143473,49.2184114],[16.614341,49.2184125],[16.61433,49.2184085],[16.6143173,49.2183969],[16.614316,49.2183933],[16.6143189,49.2183902],[16.6143507,49.2183753]]],"type":"Polygon"},"properties":{"areaM2":11.3,"category":"dorm?","code":null,"level":3,"namePrinted":null,"spaceId":"3:121"},"type":"Feature"},{"geometry":{"coordinates":[[[16.6144518,49.2183627],[16.6144558,49.2183625],[16.61446,49.2183637],[16.614504,49.2183985],[16.6145052,49.2184014],[16.6145043,49.2184034],[16.6145004,49.218406],[16.6144528,49.2184334],[16.6144483,49.2184344],[16.6144428,49.2184329],[16.6144292,49.2184228],[16.6144006,49.2184],[16.614397,49.2183968],[16.6143955,49.2183934],[16.6143986,49.2183896],[16.6144518,49.2183627]]],"type":"Polygon"},"properties":{"areaM2":35.8,"category":"roof?","code":null,"level":3,"namePrinted":null,"spaceId":"3:122"},"type":"Feature"},{"geometry":{"coordinates":[[[16.614263,49.2184136],[16.6142722,49.2184137],[16.614276,49.2184149],[16.614292,49.2184289],[16.6142981,49.2184315],[16.6142993,49.2184349],[16.6143027,49.2184378],[16.6143089,49.2184405],[16.6143101,49.218444],[16.6143265,49.2184577],[16.614324,49.2184649],[16.6143215,49.2184672],[16.6143154,49.2184682],[16.6143105,49.2184671],[16.6142928,49.2184527],[16.6142868,49.2184504],[16.6142855,49.2184468],[16.6142826,49.2184441],[16.6142766,49.2184418],[16.6142755,49.2184381],[16.6142593,49.2184241],[16.6142578,49.2184217],[16.6142585,49.2184166],[16.614263,49.2184136]]],"type":"Polygon"},"properties":{"areaM2":11.2,"category":"dorm?","code":null,"level":3,"namePrinted":null,"spaceId":"3:123"},"type":"Feature"},{"geometry":{"coordinates":[[[16.6142103,49.2184419],[16.6142143,49.2184416],[16.6142181,49.2184428],[16.6142304,49.2184539],[16.6142366,49.218457],[16.6142405,49.2184637],[16.6142374,49.2184675],[16.6142129,49.21848],[16.6142084,49.218481],[16.6142034,49.2184797],[16.6141926,49.2184717],[16.614182,49.2184614],[16.6141806,49.2184582],[16.614184,49.2184543],[16.6142103,49.2184419]]],"type":"Polygon"},"properties":{"areaM2":11.5,"category":"dorm?","code":null,"level":3,"namePrinted":null,"spaceId":"3:125"},"type":"Feature"},{"geometry":{"coordinates":[[[16.6143786,49.2183993],[16.6143826,49.218399],[16.6143864,49.2184002],[16.614399,49.2184098],[16.6144041,49.2184146],[16.6144052,49.2184178],[16.6144029,49.2184209],[16.6143747,49.2184365],[16.6143684,49.2184376],[16.6143646,49.2184364],[16.6143493,49.2184244],[16.6143465,49.218417],[16.6143494,49.2184138],[16.6143786,49.2183993]]],"type":"Polygon"},"properties":{"areaM2":11.2,"category":"dorm?","code":null,"level":3,"namePrinted":null,"spaceId":"3:126"},"type":"Feature"},{"geometry":{"coordinates":[[[16.6146548,49.2183335],[16.6146589,49.2183332],[16.6146622,49.2183342],[16.6146732,49.2183417],[16.6146755,49.2183445],[16.6146746,49.2183479],[16.6146226,49.2183814],[16.614618,49.2183829],[16.6146138,49.2183824],[16.6145985,49.218372],[16.6145971,49.2183696],[16.6145978,49.2183664],[16.6146548,49.2183335]]],"type":"Polygon"},"properties":{"areaM2":14.2,"category":null,"code":null,"level":3,"namePrinted":null,"spaceId":"3:128"},"type":"Feature"},{"geometry":{"coordinates":[[[16.614573,49.2183728],[16.614577,49.2183725],[16.6145812,49.2183738],[16.6146076,49.2183924],[16.6146114,49.2183966],[16.6146135,49.2184288],[16.6146118,49.2184314],[16.6146058,49.2184346],[16.6145569,49.2184363],[16.6145525,49.2184357],[16.6145181,49.2184124],[16.6145151,49.2184091],[16.6145154,49.2184066],[16.6145177,49.2184044],[16.614573,49.2183728]]],"type":"Polygon"},"properties":{"areaM2":34.6,"category":"roof","code":null,"level":3,"namePrinted":null,"spaceId":"3:130"},"type":"Feature"},{"geometry":{"coordinates":[[[16.6144073,49.2184227],[16.6144138,49.2184229],[16.6144225,49.218428],[16.614433,49.2184367],[16.6144341,49.21844],[16.6144315,49.218443],[16.6144054,49.2184582],[16.6143988,49.2184593],[16.6143912,49.2184573],[16.6143763,49.2184454],[16.6143748,49.2184416],[16.6143772,49.2184386],[16.6144073,49.2184227]]],"type":"Polygon"},"properties":{"areaM2":10.7,"category":"dorm?","code":null,"level":3,"namePrinted":null,"spaceId":"3:132"},"type":"Feature"},{"geometry":{"coordinates":[[[16.6142422,49.218469],[16.6142473,49.2184688],[16.6142546,49.2184723],[16.6142577,49.2184768],[16.6142706,49.2184869],[16.6142721,49.2184903],[16.6142685,49.2184942],[16.6142456,49.2185067],[16.6142408,49.2185077],[16.6142362,49.2185068],[16.614226,49.2185001],[16.6142144,49.2184891],[16.6142129,49.2184858],[16.6142156,49.2184823],[16.6142422,49.218469]]],"type":"Polygon"},"properties":{"areaM2":11.3,"category":"dorm?","code":null,"level":3,"namePrinted":null,"spaceId":"3:133"},"type":"Feature"},{"geometry":{"coordinates":[[[16.6146848,49.218354],[16.6146888,49.2183537],[16.6146921,49.2183546],[16.6147039,49.2183624],[16.6147052,49.2183644],[16.6147058,49.2183722],[16.6147046,49.2183747],[16.6146633,49.2184034],[16.6146588,49.2184046],[16.6146474,49.2184043],[16.6146307,49.218394],[16.6146293,49.2183918],[16.6146301,49.2183886],[16.6146765,49.2183583],[16.6146848,49.218354]]],"type":"Polygon"},"properties":{"areaM2":16.7,"category":null,"code":null,"level":3,"namePrinted":null,"spaceId":"3:134"},"type":"Feature"},{"geometry":{"coordinates":[[[16.614502,49.2184139],[16.6145071,49.2184138],[16.6145103,49.2184151],[16.6145539,49.2184457],[16.6145809,49.2184629],[16.6146223,49.2184875],[16.614664,49.2185103],[16.6146705,49.2185148],[16.6147536,49.2185544],[16.6147548,49.2185573],[16.6147529,49.2185606],[16.614698,49.2186139],[16.6146944,49.2186149],[16.6146898,49.2186144],[16.6146624,49.218602],[16.6146296,49.2185863],[16.6145663,49.2185528],[16.6145063,49.2185177],[16.6144725,49.2184959],[16.6144257,49.2184635],[16.6144245,49.2184602],[16.6144273,49.2184569],[16.614502,49.2184139]]],"type":"Polygon"},"properties":{"areaM2":207.5,"category":"roof","code":null,"level":3,"namePrinted":null,"spaceId":"3:135"},"type":"Feature"},{"geometry":{"coordinates":[[[16.6142744,49.218495],[16.6142785,49.2184947],[16.6142826,49.218496],[16.6142957,49.2185062],[16.6143014,49.2185091],[16.6143057,49.2185161],[16.6143043,49.2185187],[16.6142948,49.2185244],[16.6142795,49.218533],[16.6142747,49.2185341],[16.6142702,49.2185331],[16.6142606,49.2185269],[16.6142472,49.2185156],[16.6142458,49.2185124],[16.6142485,49.2185089],[16.6142744,49.218495]]],"type":"Polygon"},"properties":{"areaM2":11.5,"category":"dorm?","code":null,"level":3,"namePrinted":null,"spaceId":"3:139"},"type":"Feature"},{"geometry":{"coordinates":[[[16.6138647,49.2178785],[16.6138983,49.217877],[16.6139033,49.2178782],[16.6139059,49.2178815],[16.6139071,49.2178947],[16.6139093,49.2178981],[16.6139085,49.2179037],[16.6139063,49.2179064],[16.6139014,49.2179079],[16.6138725,49.2179097],[16.6138676,49.2179096],[16.6138648,49.2179085],[16.6138625,49.2179058],[16.6138598,49.2178902],[16.6138603,49.2178817],[16.6138647,49.2178785]]],"type":"Polygon"},"properties":{"areaM2":11.4,"category":"dorm?","code":null,"level":3,"namePrinted":null,"spaceId":"3:14"},"type":"Feature"},{"geometry":{"coordinates":[[[16.6144073,49.2184656],[16.6144113,49.2184653],[16.6144151,49.2184665],[16.6144337,49.2184798],[16.6144348,49.2184831],[16.6144324,49.2184861],[16.6144072,49.2185008],[16.6144012,49.2185018],[16.6143914,49.2184972],[16.6143784,49.2184876],[16.6143772,49.2184841],[16.6143803,49.2184807],[16.6144073,49.2184656]]],"type":"Polygon"},"properties":{"areaM2":10.1,"category":"dorm?","code":null,"level":3,"namePrinted":null,"spaceId":"3:142"},"type":"Feature"},{"geometry":{"coordinates":[[[16.6145679,49.2184365],[16.6146035,49.2184352],[16.6146075,49.2184357],[16.6146121,49.2184383],[16.6146145,49.2184412],[16.6146163,49.2184652],[16.6146139,49.2184686],[16.6146096,49.21847],[16.6146042,49.218469],[16.6145659,49.218445],[16.614563,49.2184404],[16.6145644,49.2184383],[16.6145679,49.2184365]]],"type":"Polygon"},"properties":{"areaM2":9.5,"category":"dorm?","code":null,"level":3,"namePrinted":null,"spaceId":"3:144"},"type":"Feature"},{"geometry":{"coordinates":[[[16.6146236,49.2184348],[16.6146713,49.2184335],[16.6147203,49.2184606],[16.6147216,49.2184638],[16.6147202,49.2184664],[16.6146762,49.2185025],[16.614673,49.2185042],[16.6146686,49.2185045],[16.614665,49.2185035],[16.6146192,49.2184776],[16.6146177,49.2184752],[16.6146152,49.2184418],[16.6146168,49.218439],[16.6146236,49.2184348]]],"type":"Polygon"},"properties":{"areaM2":40.9,"category":"roof?","code":null,"level":3,"namePrinted":null,"spaceId":"3:147"},"type":"Feature"},{"geometry":{"coordinates":[[[16.6147533,49.2184023],[16.6147671,49.2184016],[16.6147712,49.2184023],[16.6147844,49.2184095],[16.6147853,49.2184138],[16.6147398,49.218452],[16.6147369,49.2184532],[16.6147318,49.2184533],[16.6147128,49.2184431],[16.6147113,49.2184407],[16.6147114,49.2184335],[16.6147447,49.2184076],[16.6147533,49.2184023]]],"type":"Polygon"},"properties":{"areaM2":16.6,"category":null,"code":null,"level":3,"namePrinted":null,"spaceId":"3:148"},"type":"Feature"},{"geometry":{"coordinates":[[[16.6147971,49.2184192],[16.6148033,49.2184194],[16.6148203,49.2184278],[16.6148236,49.2184311],[16.6148233,49.2184335],[16.6147812,49.2184718],[16.6147773,49.2184738],[16.6147722,49.218474],[16.6147508,49.2184638],[16.6147483,49.2184608],[16.6147486,49.2184584],[16.6147889,49.2184246],[16.6147971,49.2184192]]],"type":"Polygon"},"properties":{"areaM2":16.4,"category":null,"code":null,"level":3,"namePrinted":null,"spaceId":"3:149"},"type":"Feature"},{"geometry":{"coordinates":[[[16.6140323,49.2178421],[16.6140684,49.2178412],[16.6140736,49.2178422],[16.6140766,49.2178456],[16.6140775,49.2178505],[16.6140779,49.2178627],[16.6140764,49.2178657],[16.614071,49.2178678],[16.6140348,49.2178692],[16.614029,49.2178682],[16.6140263,49.2178651],[16.6140254,49.2178497],[16.614028,49.2178444],[16.6140323,49.2178421]]],"type":"Polygon"},"properties":{"areaM2":10.9,"category":"dorm?","code":null,"level":3,"namePrinted":null,"spaceId":"3:15"},"type":"Feature"},{"geometry":{"coordinates":[[[16.6148377,49.2184337],[16.6148438,49.2184338],[16.6148695,49.2184455],[16.6148716,49.2184469],[16.614873,49.2184501],[16.614872,49.2184524],[16.6148402,49.2184837],[16.6148336,49.2184858],[16.6148303,49.2184853],[16.6148228,49.2184816],[16.6148211,49.2184755],[16.6148171,49.2184714],[16.6148118,49.2184742],[16.6148065,49.2184744],[16.6148,49.2184713],[16.6147989,49.2184685],[16.6148005,49.2184657],[16.6148338,49.2184357],[16.6148377,49.2184337]]],"type":"Polygon"},"properties":{"areaM2":17.2,"category":null,"code":null,"level":3,"namePrinted":null,"spaceId":"3:150"},"type":"Feature"},{"geometry":{"coordinates":[[[16.6147298,49.2184701],[16.6147339,49.2184699],[16.6147376,49.2184709],[16.6147693,49.2184869],[16.6147741,49.2184882],[16.6147871,49.2184944],[16.61479,49.2184977],[16.6147913,49.2185017],[16.6147941,49.2185043],[16.6147987,49.2185025],[16.6148038,49.2185023],[16.6148103,49.218505],[16.6148127,49.2185079],[16.614812,49.2185111],[16.6147736,49.2185489],[16.6147699,49.2185509],[16.614763,49.2185505],[16.6147255,49.2185335],[16.6146852,49.2185136],[16.6146825,49.2185108],[16.6146842,49.2185065],[16.6147253,49.2184726],[16.6147298,49.2184701]]],"type":"Polygon"},"properties":{"areaM2":47.0,"category":"teaching","code":"N4002","level":3,"namePrinted":"Zasedací místnost","spaceId":"3:151"},"type":"Feature"},{"geometry":{"coordinates":[[[16.6148788,49.2184521],[16.6148857,49.2184525],[16.6149107,49.2184629],[16.6149132,49.2184645],[16.6149146,49.2184677],[16.6149134,49.2184702],[16.6148841,49.2185016],[16.6148803,49.2185038],[16.6148769,49.2185043],[16.6148736,49.2185038],[16.6148662,49.2185002],[16.6148646,49.2184943],[16.6148605,49.2184906],[16.6148551,49.2184936],[16.6148501,49.2184938],[16.6148436,49.2184907],[16.6148423,49.2184877],[16.6148437,49.2184849],[16.6148731,49.2184561],[16.6148788,49.2184521]]],"type":"Polygon"},"properties":{"areaM2":17.0,"category":null,"code":null,"level":3,"namePrinted":null,"spaceId":"3:152"},"type":"Feature"},{"geometry":{"coordinates":[[[16.6148042,49.2184796],[16.6148137,49.2184796],[16.6148183,49.2184836],[16.614852,49.2184984],[16.6148591,49.2184995],[16.6148621,49.2185025],[16.6148968,49.2185163],[16.6149041,49.2185173],[16.6149067,49.21852],[16.6149143,49.218523],[16.6149165,49.2185256],[16.6149162,49.218528],[16.6149099,49.2185359],[16.6149036,49.218538],[16.6148943,49.2185353],[16.614889,49.2185351],[16.6148851,49.2185317],[16.6148484,49.2185171],[16.6148446,49.2185173],[16.6148413,49.2185164],[16.614837,49.2185124],[16.6148029,49.2184974],[16.6147959,49.2184965],[16.6147922,49.2184915],[16.6147925,49.218489],[16.6147999,49.2184819],[16.6148042,49.2184796]]],"type":"Polygon"},"properties":{"areaM2":19.2,"category":null,"code":null,"level":3,"namePrinted":null,"spaceId":"3:153"},"type":"Feature"},{"geometry":{"coordinates":[[[16.6149209,49.2184696],[16.6149282,49.21847],[16.6149546,49.2184799],[16.6149567,49.2184813],[16.6149579,49.2184842],[16.6149292,49.2185192],[16.6149272,49.2185207],[16.6149226,49.2185218],[16.6149125,49.2185187],[16.6149102,49.2185159],[16.614909,49.2185115],[16.6149049,49.2185084],[16.6148994,49.2185117],[16.6148951,49.218512],[16.6148889,49.2185099],[16.6148864,49.218506],[16.6148875,49.2185037],[16.6149168,49.2184718],[16.6149209,49.2184696]]],"type":"Polygon"},"properties":{"areaM2":17.0,"category":null,"code":null,"level":3,"namePrinted":null,"spaceId":"3:154"},"type":"Feature"},{"geometry":{"coordinates":[[[16.6148186,49.2185111],[16.6148237,49.2185109],[16.6148335,49.2185151],[16.6148367,49.2185212],[16.6148401,49.2185242],[16.6148448,49.218522],[16.6148499,49.2185218],[16.6148563,49.2185243],[16.6148586,49.2185281],[16.6148222,49.2185686],[16.6148195,49.2185707],[16.614815,49.2185717],[16.6148113,49.2185711],[16.6147786,49.2185575],[16.6147765,49.2185561],[16.6147753,49.2185532],[16.6147763,49.218551],[16.6148119,49.2185159],[16.6148186,49.2185111]]],"type":"Polygon"},"properties":{"areaM2":22.2,"category":"office","code":"N4004","level":3,"namePrinted":"Kancelář","spaceId":"3:155"},"type":"Feature"},{"geometry":{"coordinates":[[[16.6149641,49.2184855],[16.6149682,49.2184852],[16.6149725,49.2184862],[16.6149976,49.2184949],[16.6150004,49.2184965],[16.6150016,49.2184994],[16.6149755,49.2185351],[16.6149717,49.2185373],[16.6149684,49.2185378],[16.614958,49.2185348],[16.6149544,49.218528],[16.6149507,49.218525],[16.6149468,49.2185279],[16.614941,49.2185288],[16.6149342,49.2185266],[16.6149318,49.2185229],[16.6149601,49.2184877],[16.6149641,49.2184855]]],"type":"Polygon"},"properties":{"areaM2":16.9,"category":null,"code":null,"level":3,"namePrinted":null,"spaceId":"3:156"},"type":"Feature"},{"geometry":{"coordinates":[[[16.6148617,49.2185336],[16.6148658,49.2185333],[16.6148731,49.2185357],[16.6148792,49.2185359],[16.6148882,49.218543],[16.6148923,49.2185404],[16.6148992,49.2185407],[16.6149044,49.2185433],[16.6149056,49.2185462],[16.614871,49.2185882],[16.6148689,49.2185897],[16.6148641,49.2185908],[16.6148608,49.2185903],[16.6148274,49.2185775],[16.6148253,49.2185761],[16.6148241,49.2185732],[16.6148251,49.218571],[16.6148579,49.2185358],[16.6148617,49.2185336]]],"type":"Polygon"},"properties":{"areaM2":21.5,"category":null,"code":null,"level":3,"namePrinted":null,"spaceId":"3:157"},"type":"Feature"},{"geometry":{"coordinates":[[[16.6147631,49.2185609],[16.61477,49.2185612],[16.6148097,49.2185779],[16.6148599,49.2185971],[16.6149204,49.2186179],[16.6149872,49.2186385],[16.6150493,49.2186555],[16.615059,49.2186589],[16.6150618,49.2186606],[16.6150631,49.2186636],[16.6150575,49.2186731],[16.6150537,49.2186753],[16.6150481,49.2186756],[16.6149363,49.2186435],[16.6148617,49.2186191],[16.6148188,49.2186033],[16.6147533,49.2185764],[16.614751,49.2185736],[16.6147512,49.2185712],[16.6147594,49.2185628],[16.6147631,49.2185609]]],"type":"Polygon"},"properties":{"areaM2":51.0,"category":null,"code":null,"level":3,"namePrinted":null,"spaceId":"3:158"},"type":"Feature"},{"geometry":{"coordinates":[[[16.6150085,49.2185003],[16.6150136,49.2185001],[16.6150398,49.2185082],[16.6150442,49.2185099],[16.6150465,49.2185126],[16.6150462,49.2185151],[16.6150224,49.21855],[16.6150164,49.2185526],[16.6150133,49.2185525],[16.6149968,49.2185473],[16.6149939,49.2185441],[16.6149928,49.2185404],[16.6149851,49.2185363],[16.6149829,49.2185337],[16.6149847,49.2185289],[16.6150037,49.2185038],[16.6150085,49.2185003]]],"type":"Polygon"},"properties":{"areaM2":16.8,"category":null,"code":null,"level":3,"namePrinted":null,"spaceId":"3:159"},"type":"Feature"},{"geometry":{"coordinates":[[[16.6143408,49.2177667],[16.6143543,49.2177645],[16.6143687,49.2177643],[16.6143846,49.2177666],[16.6143921,49.2177688],[16.6144033,49.2177737],[16.6144127,49.21778],[16.6144195,49.2177871],[16.6144231,49.2177929],[16.6144263,49.2178053],[16.6144247,49.2178145],[16.6144201,49.2178237],[16.6144129,49.2178312],[16.6144036,49.2178372],[16.6143957,49.2178411],[16.6143821,49.2178451],[16.6143721,49.2178466],[16.6143614,49.2178469],[16.6143519,49.2178462],[16.6143372,49.2178432],[16.6143256,49.2178387],[16.614317,49.2178336],[16.6143082,49.2178257],[16.6143037,49.2178189],[16.6143011,49.2178128],[16.6143002,49.217804],[16.6143021,49.2177953],[16.6143062,49.2177878],[16.6143122,49.2177809],[16.6143206,49.2177749],[16.6143258,49.2177719],[16.6143408,49.2177667]]],"type":"Polygon"},"properties":{"areaM2":65.9,"category":"roof","code":null,"level":3,"namePrinted":null,"spaceId":"3:16"},"type":"Feature"},{"geometry":{"coordinates":[[[16.6147431,49.2185805],[16.6147496,49.2185807],[16.6148161,49.2186082],[16.6148798,49.2186307],[16.6148831,49.2186326],[16.6148843,49.2186355],[16.6148827,49.2186387],[16.6148538,49.2186748],[16.614847,49.2186756],[16.6148135,49.2186641],[16.6147391,49.2186356],[16.614706,49.218621],[16.6147048,49.2186181],[16.614706,49.2186156],[16.6147399,49.2185821],[16.6147431,49.2185805]]],"type":"Polygon"},"properties":{"areaM2":68.1,"category":"roof","code":null,"level":3,"namePrinted":null,"spaceId":"3:160"},"type":"Feature"},{"geometry":{"coordinates":[[[16.6149119,49.2185475],[16.614917,49.2185473],[16.6149266,49.2185507],[16.6149306,49.2185566],[16.6149346,49.2185597],[16.6149397,49.2185571],[16.6149448,49.218557],[16.614951,49.2185591],[16.6149534,49.218563],[16.6149217,49.2186059],[16.6149197,49.2186074],[16.6149151,49.2186084],[16.6149103,49.2186075],[16.614877,49.2185959],[16.614874,49.2185915],[16.6149081,49.2185497],[16.6149119,49.2185475]]],"type":"Polygon"},"properties":{"areaM2":22.1,"category":null,"code":null,"level":3,"namePrinted":null,"spaceId":"3:161"},"type":"Feature"},{"geometry":{"coordinates":[[[16.6150538,49.2185141],[16.6150588,49.2185139],[16.6150853,49.2185214],[16.6150901,49.2185237],[16.6150913,49.2185265],[16.6150741,49.2185532],[16.615072,49.2185547],[16.6150679,49.2185558],[16.6150624,49.2185632],[16.6150572,49.2185646],[16.6150507,49.218563],[16.6150471,49.2185566],[16.6150426,49.2185538],[16.6150416,49.2185537],[16.6150386,49.2185571],[16.6150328,49.218558],[16.6150279,49.2185565],[16.6150256,49.2185528],[16.6150488,49.2185178],[16.6150538,49.2185141]]],"type":"Polygon"},"properties":{"areaM2":15.8,"category":null,"code":null,"level":3,"namePrinted":null,"spaceId":"3:162"},"type":"Feature"},{"geometry":{"coordinates":[[[16.6149583,49.2185401],[16.6149633,49.2185399],[16.6149823,49.218546],[16.6149881,49.2185461],[16.6149943,49.2185498],[16.6150335,49.2185616],[16.6150429,49.2185625],[16.6150462,49.218565],[16.6150806,49.2185749],[16.6150865,49.2185741],[16.615092,49.2185766],[16.6150974,49.218577],[16.6151015,49.2185807],[16.6151101,49.2185833],[16.6151124,49.2185861],[16.6151121,49.2185886],[16.6151065,49.218597],[16.6151027,49.2185992],[16.6150973,49.2185994],[16.6150932,49.2185972],[16.6150467,49.2185839],[16.6150408,49.2185841],[16.615038,49.218583],[16.6150361,49.218581],[16.6150207,49.2185767],[16.6150146,49.2185766],[16.6150108,49.2185738],[16.6149958,49.2185693],[16.6149903,49.2185677],[16.6149845,49.2185677],[16.61498,49.2185643],[16.6149531,49.2185558],[16.6149495,49.2185538],[16.6149483,49.2185505],[16.6149545,49.2185423],[16.6149583,49.2185401]]],"type":"Polygon"},"properties":{"areaM2":24.6,"category":null,"code":null,"level":3,"namePrinted":null,"spaceId":"3:163"},"type":"Feature"},{"geometry":{"coordinates":[[[16.6149606,49.2185639],[16.6149657,49.2185638],[16.6149759,49.218567],[16.6149799,49.2185725],[16.6149843,49.2185757],[16.6149893,49.218573],[16.6149946,49.2185727],[16.6150001,49.2185753],[16.6150014,49.2185783],[16.6149803,49.2186103],[16.6149749,49.2186128],[16.6149729,49.2186159],[16.614974,49.2186188],[16.6149725,49.2186217],[16.6149705,49.2186233],[16.6149657,49.2186244],[16.6149289,49.2186135],[16.6149261,49.2186119],[16.6149249,49.218609],[16.6149566,49.2185662],[16.6149606,49.2185639]]],"type":"Polygon"},"properties":{"areaM2":21.4,"category":null,"code":null,"level":3,"namePrinted":null,"spaceId":"3:165"},"type":"Feature"},{"geometry":{"coordinates":[[[16.6139635,49.2178755],[16.6139686,49.2178753],[16.6139738,49.2178765],[16.6139767,49.2178781],[16.6139793,49.2178955],[16.6139821,49.2178986],[16.6139802,49.2179038],[16.6139807,49.2179067],[16.6139839,49.2179098],[16.6139819,49.2179145],[16.6139845,49.2179303],[16.6139816,49.2179335],[16.6139743,49.2179354],[16.6139682,49.2179349],[16.6139639,49.2179328],[16.6139602,49.2179151],[16.613957,49.217912],[16.6139589,49.2179067],[16.6139586,49.2179042],[16.6139557,49.217901],[16.6139575,49.2178966],[16.6139558,49.2178801],[16.613958,49.2178774],[16.6139635,49.2178755]]],"type":"Polygon"},"properties":{"areaM2":10.4,"category":"dorm?","code":null,"level":3,"namePrinted":null,"spaceId":"3:17"},"type":"Feature"},{"geometry":{"coordinates":[[[16.6138696,49.2179128],[16.613902,49.2179108],[16.6139076,49.217912],[16.6139121,49.2179188],[16.6139113,49.2179234],[16.6139137,49.2179365],[16.6139113,49.2179401],[16.6139062,49.2179416],[16.6138762,49.217944],[16.6138699,49.2179427],[16.6138676,49.21794],[16.6138668,49.2179352],[16.6138651,49.2179331],[16.6138641,49.2179172],[16.6138656,49.2179147],[16.6138696,49.2179128]]],"type":"Polygon"},"properties":{"areaM2":11.5,"category":"dorm?","code":null,"level":3,"namePrinted":null,"spaceId":"3:19"},"type":"Feature"},{"geometry":{"coordinates":[[[16.614032,49.2178724],[16.61407,49.2178706],[16.614076,49.2178716],[16.6140787,49.2178744],[16.61408,49.2178808],[16.6140809,49.2178931],[16.6140795,49.2178957],[16.6140741,49.2178977],[16.6140387,49.2178998],[16.6140341,49.2178988],[16.6140288,49.2178913],[16.6140272,49.217877],[16.6140282,49.2178746],[16.614032,49.2178724]]],"type":"Polygon"},"properties":{"areaM2":11.1,"category":"dorm?","code":null,"level":3,"namePrinted":null,"spaceId":"3:20"},"type":"Feature"},{"geometry":{"coordinates":[[[16.6140379,49.217903],[16.6140746,49.2179006],[16.6140798,49.2179016],[16.6140827,49.2179048],[16.6140847,49.217912],[16.6140857,49.2179233],[16.6140842,49.2179258],[16.6140788,49.2179279],[16.6140437,49.2179309],[16.6140367,49.2179299],[16.6140339,49.2179269],[16.6140315,49.2179126],[16.6140334,49.2179094],[16.6140336,49.2179053],[16.6140379,49.217903]]],"type":"Polygon"},"properties":{"areaM2":11.3,"category":"dorm?","code":null,"level":3,"namePrinted":null,"spaceId":"3:24"},"type":"Feature"},{"geometry":{"coordinates":[[[16.6138753,49.2179471],[16.6139082,49.2179443],[16.6139136,49.2179456],[16.6139159,49.2179484],[16.6139185,49.2179614],[16.6139207,49.2179654],[16.6139205,49.217971],[16.6139183,49.2179738],[16.6139132,49.2179753],[16.6138832,49.2179783],[16.6138773,49.2179771],[16.6138746,49.2179737],[16.6138704,49.2179587],[16.6138704,49.2179504],[16.6138753,49.2179471]]],"type":"Polygon"},"properties":{"areaM2":11.5,"category":"dorm?","code":null,"level":3,"namePrinted":null,"spaceId":"3:25"},"type":"Feature"},{"geometry":{"coordinates":[[[16.6140977,49.2179012],[16.6141398,49.2178985],[16.6141448,49.2178998],[16.614147,49.2179023],[16.6141463,49.2179055],[16.6141327,49.2179179],[16.6141357,49.2179316],[16.614153,49.2179399],[16.6141741,49.2179382],[16.6141873,49.2179266],[16.6141845,49.2179128],[16.6141675,49.2179041],[16.6141664,49.2179008],[16.6141686,49.217898],[16.6141734,49.2178965],[16.6142088,49.2178944],[16.6142122,49.2178949],[16.614215,49.2178966],[16.6142165,49.217899],[16.6142198,49.2179203],[16.6142316,49.2179712],[16.61424,49.217999],[16.614257,49.218043],[16.6142569,49.2180462],[16.6142543,49.2180485],[16.6142179,49.2180558],[16.6142141,49.218056],[16.6142108,49.2180551],[16.6142081,49.2180522],[16.6142084,49.2180497],[16.6142191,49.2180372],[16.614214,49.218024],[16.6141946,49.2180163],[16.6141743,49.2180201],[16.6141634,49.2180323],[16.6141692,49.2180461],[16.614189,49.2180537],[16.6141913,49.2180563],[16.6141899,49.21806],[16.6141859,49.2180619],[16.614146,49.2180694],[16.6141417,49.2180689],[16.6141389,49.2180673],[16.6141336,49.2180582],[16.6141331,49.2180545],[16.6141238,49.2180331],[16.6141224,49.2180255],[16.614116,49.2180068],[16.614114,49.2180041],[16.6141129,49.2179965],[16.6141045,49.2179707],[16.6141049,49.217967],[16.6141003,49.2179478],[16.6140986,49.2179451],[16.6140982,49.2179376],[16.6140925,49.2179103],[16.6140931,49.2179044],[16.6140977,49.2179012]]],"type":"Polygon"},"properties":{"areaM2":139.0,"category":"void","code":null,"level":3,"namePrinted":null,"spaceId":"3:26"},"type":"Feature"},{"geometry":{"coordinates":[[[16.6139726,49.2179367],[16.6139792,49.2179369],[16.613986,49.2179406],[16.6139906,49.2179593],[16.6139938,49.2179624],[16.6139919,49.2179667],[16.6139925,49.2179707],[16.6139962,49.2179741],[16.6139949,49.2179784],[16.6139995,49.2179957],[16.6139943,49.2180014],[16.6139897,49.2180028],[16.6139851,49.2180023],[16.6139789,49.2179992],[16.6139734,49.21798],[16.6139698,49.2179766],[16.6139713,49.2179726],[16.6139704,49.2179692],[16.6139671,49.2179659],[16.6139689,49.2179615],[16.6139649,49.2179433],[16.6139664,49.2179407],[16.6139726,49.2179367]]],"type":"Polygon"},"properties":{"areaM2":11.3,"category":"dorm?","code":null,"level":3,"namePrinted":null,"spaceId":"3:27"},"type":"Feature"},{"geometry":{"coordinates":[[[16.6140415,49.2179338],[16.6140794,49.2179307],[16.6140852,49.2179317],[16.614088,49.2179348],[16.6140902,49.2179413],[16.6140916,49.2179529],[16.6140901,49.2179559],[16.6140844,49.217958],[16.6140542,49.217961],[16.6140486,49.2179613],[16.614045,49.2179603],[16.6140389,49.2179526],[16.6140362,49.2179394],[16.614037,49.2179362],[16.6140415,49.2179338]]],"type":"Polygon"},"properties":{"areaM2":11.3,"category":"dorm?","code":null,"level":3,"namePrinted":null,"spaceId":"3:29"},"type":"Feature"},{"geometry":{"coordinates":[[[16.6138826,49.2179813],[16.6139154,49.2179779],[16.6139208,49.2179789],[16.6139256,49.2179855],[16.6139252,49.2179902],[16.6139288,49.218004],[16.6139274,49.2180065],[16.6139237,49.2180083],[16.6138958,49.2180118],[16.6138909,49.2180123],[16.6138864,49.2180113],[16.6138831,49.2180076],[16.6138789,49.2179964],[16.6138777,49.2179852],[16.6138791,49.217983],[16.6138826,49.2179813]]],"type":"Polygon"},"properties":{"areaM2":11.5,"category":"dorm?","code":null,"level":3,"namePrinted":null,"spaceId":"3:30"},"type":"Feature"},{"geometry":{"coordinates":[[[16.6142271,49.2178912],[16.6142456,49.21789],[16.6142497,49.2178913],[16.6142522,49.2178944],[16.6142589,49.2179316],[16.6142673,49.2179657],[16.6142764,49.2179945],[16.6142928,49.218037],[16.6142925,49.2180395],[16.6142899,49.2180418],[16.6142722,49.2180455],[16.6142659,49.2180446],[16.6142625,49.2180405],[16.6142478,49.2180017],[16.6142382,49.2179711],[16.6142298,49.2179375],[16.6142225,49.2178974],[16.6142233,49.2178934],[16.6142271,49.2178912]]],"type":"Polygon"},"properties":{"areaM2":37.9,"category":"roof","code":null,"level":3,"namePrinted":null,"spaceId":"3:32"},"type":"Feature"},{"geometry":{"coordinates":[[[16.6142651,49.2178908],[16.6143592,49.217885],[16.6143641,49.2178861],[16.6143668,49.2178889],[16.6143741,49.2179275],[16.6143802,49.2179516],[16.6143314,49.2180065],[16.6143265,49.2180092],[16.6143208,49.2180099],[16.6143164,49.2180091],[16.6142873,49.2179979],[16.6142844,49.2179947],[16.6142757,49.217968],[16.614263,49.2179158],[16.6142598,49.2178954],[16.6142614,49.2178926],[16.6142651,49.2178908]]],"type":"Polygon"},"properties":{"areaM2":89.3,"category":"roof","code":null,"level":3,"namePrinted":null,"spaceId":"3:34"},"type":"Feature"},{"geometry":{"coordinates":[[[16.61405,49.2179645],[16.6140856,49.2179608],[16.6140914,49.2179619],[16.6140944,49.2179652],[16.6140967,49.2179708],[16.6140989,49.2179817],[16.6140981,49.2179853],[16.6140943,49.2179875],[16.6140893,49.2179883],[16.6140565,49.2179922],[16.6140507,49.2179912],[16.614048,49.2179881],[16.6140444,49.2179736],[16.6140458,49.217971],[16.6140455,49.2179675],[16.61405,49.2179645]]],"type":"Polygon"},"properties":{"areaM2":11.2,"category":"dorm?","code":null,"level":3,"namePrinted":null,"spaceId":"3:36"},"type":"Feature"},{"geometry":{"coordinates":[[[16.6138918,49.2180152],[16.6139231,49.2180113],[16.6139294,49.2180122],[16.6139323,49.2180154],[16.6139358,49.2180279],[16.613939,49.2180316],[16.6139389,49.2180378],[16.6139375,49.21804],[16.6139341,49.2180417],[16.6139024,49.2180464],[16.6138963,49.2180454],[16.6138932,49.2180419],[16.6138897,49.2180338],[16.6138868,49.2180207],[16.6138875,49.2180175],[16.6138918,49.2180152]]],"type":"Polygon"},"properties":{"areaM2":11.6,"category":"dorm?","code":null,"level":3,"namePrinted":null,"spaceId":"3:37"},"type":"Feature"},{"geometry":{"coordinates":[[[16.613989,49.218004],[16.6139979,49.2180042],[16.6140022,49.2180063],[16.6140074,49.2180226],[16.6140113,49.2180263],[16.6140103,49.2180306],[16.6140116,49.2180342],[16.614015,49.2180372],[16.614014,49.2180415],[16.6140198,49.2180572],[16.6140176,49.2180604],[16.6140095,49.2180631],[16.6140027,49.2180628],[16.6139987,49.2180609],[16.6139924,49.2180443],[16.6139885,49.2180405],[16.6139898,49.2180362],[16.6139885,49.2180332],[16.613985,49.2180299],[16.6139863,49.2180256],[16.6139814,49.2180094],[16.6139841,49.2180059],[16.613989,49.218004]]],"type":"Polygon"},"properties":{"areaM2":10.5,"category":"dorm?","code":null,"level":3,"namePrinted":null,"spaceId":"3:38"},"type":"Feature"},{"geometry":{"coordinates":[[[16.6140563,49.2179953],[16.6140934,49.2179905],[16.6140983,49.217991],[16.6141011,49.2179927],[16.6141047,49.2180004],[16.6141077,49.2180116],[16.6141068,49.218015],[16.6141011,49.2180175],[16.6140671,49.2180224],[16.6140629,49.2180219],[16.61406,49.2180203],[16.614059,49.2180172],[16.6140554,49.2180138],[16.6140515,49.2180011],[16.6140523,49.2179975],[16.6140563,49.2179953]]],"type":"Polygon"},"properties":{"areaM2":11.2,"category":"dorm?","code":null,"level":3,"namePrinted":null,"spaceId":"3:40"},"type":"Feature"},{"geometry":{"coordinates":[[[16.6139024,49.2180493],[16.6139338,49.2180448],[16.6139401,49.2180457],[16.6139457,49.2180521],[16.6139457,49.2180565],[16.6139507,49.2180691],[16.6139494,49.2180728],[16.6139454,49.2180747],[16.613914,49.2180798],[16.6139082,49.2180788],[16.6139015,49.2180685],[16.6138977,49.218055],[16.6138986,49.2180515],[16.6139024,49.2180493]]],"type":"Polygon"},"properties":{"areaM2":11.4,"category":"dorm?","code":null,"level":3,"namePrinted":null,"spaceId":"3:42"},"type":"Feature"},{"geometry":{"coordinates":[[[16.6140681,49.2180251],[16.6141029,49.21802],[16.6141078,49.2180205],[16.6141106,49.2180221],[16.6141154,49.2180308],[16.6141182,49.2180408],[16.6141175,49.2180445],[16.6141137,49.2180467],[16.6140766,49.2180529],[16.6140717,49.2180524],[16.6140677,49.2180489],[16.6140629,49.2180356],[16.6140631,49.2180282],[16.6140681,49.2180251]]],"type":"Polygon"},"properties":{"areaM2":11.4,"category":"dorm?","code":null,"level":3,"namePrinted":null,"spaceId":"3:45"},"type":"Feature"},{"geometry":{"coordinates":[[[16.6139145,49.2180825],[16.6139458,49.2180773],[16.6139522,49.2180782],[16.6139555,49.2180821],[16.6139597,49.2180933],[16.6139632,49.2180975],[16.6139635,49.2181034],[16.6139621,49.2181056],[16.6139584,49.2181074],[16.6139302,49.2181127],[16.6139249,49.2181131],[16.6139217,49.2181122],[16.6139144,49.218101],[16.6139101,49.2180886],[16.6139107,49.2180847],[16.6139145,49.2180825]]],"type":"Polygon"},"properties":{"areaM2":11.5,"category":"dorm?","code":null,"level":3,"namePrinted":null,"spaceId":"3:46"},"type":"Feature"},{"geometry":{"coordinates":[[[16.6143746,49.2179616],[16.6143808,49.2179617],[16.6143847,49.2179653],[16.6143973,49.2180021],[16.6144129,49.2180375],[16.6144121,49.2180406],[16.6144083,49.2180428],[16.6144018,49.2180426],[16.6143613,49.2180267],[16.6143348,49.2180163],[16.6143317,49.2180128],[16.6143307,49.2180092],[16.6143319,49.2180067],[16.6143702,49.2179643],[16.6143746,49.2179616]]],"type":"Polygon"},"properties":{"areaM2":28.2,"category":"roof","code":null,"level":3,"namePrinted":null,"spaceId":"3:47"},"type":"Feature"},{"geometry":{"coordinates":[[[16.6140101,49.218064],[16.6140151,49.2180638],[16.6140235,49.2180676],[16.6140307,49.2180849],[16.6140351,49.2180891],[16.6140342,49.2180926],[16.614036,49.2180965],[16.6140399,49.2180998],[16.614039,49.2181032],[16.614047,49.2181201],[16.6140461,49.2181236],[16.6140396,49.2181283],[16.6140346,49.2181284],[16.6140265,49.2181252],[16.6140181,49.2181078],[16.6140136,49.2181034],[16.6140145,49.2181],[16.6140132,49.2180964],[16.6140093,49.218093],[16.6140099,49.2180887],[16.6140027,49.2180707],[16.6140069,49.2180657],[16.6140101,49.218064]]],"type":"Polygon"},"properties":{"areaM2":11.4,"category":"dorm?","code":null,"level":3,"namePrinted":null,"spaceId":"3:48"},"type":"Feature"},{"geometry":{"coordinates":[[[16.6140773,49.2180554],[16.6141135,49.2180494],[16.6141189,49.2180497],[16.6141218,49.2180514],[16.6141262,49.2180589],[16.6141303,49.2180705],[16.6141296,49.2180737],[16.6141258,49.2180759],[16.6140915,49.2180823],[16.6140856,49.2180821],[16.6140828,49.2180804],[16.6140817,49.2180777],[16.614079,49.2180763],[16.6140724,49.2180613],[16.6140732,49.2180577],[16.6140773,49.2180554]]],"type":"Polygon"},"properties":{"areaM2":11.4,"category":"dorm?","code":null,"level":3,"namePrinted":null,"spaceId":"3:49"},"type":"Feature"},{"geometry":{"coordinates":[[[16.6139306,49.2181154],[16.6139597,49.21811],[16.6139661,49.2181109],[16.6139722,49.2181178],[16.6139728,49.2181222],[16.6139787,49.2181342],[16.6139773,49.2181379],[16.6139741,49.2181395],[16.6139439,49.218146],[16.6139398,49.2181463],[16.6139365,49.2181454],[16.6139287,49.2181343],[16.6139241,49.2181215],[16.6139256,49.2181175],[16.6139306,49.2181154]]],"type":"Polygon"},"properties":{"areaM2":11.6,"category":"dorm?","code":null,"level":3,"namePrinted":null,"spaceId":"3:53"},"type":"Feature"},{"geometry":{"coordinates":[[[16.6143257,49.2180167],[16.6143304,49.2180161],[16.6143352,49.218017],[16.6144176,49.2180495],[16.614454,49.2181121],[16.6144526,49.2181147],[16.6144494,49.2181164],[16.6143333,49.2181488],[16.61433,49.2181483],[16.6143271,49.2181467],[16.6143121,49.2181229],[16.6143018,49.218104],[16.6143033,49.2181014],[16.6143065,49.2180998],[16.6143288,49.2180946],[16.6143153,49.218069],[16.6143025,49.21804],[16.6143038,49.2180373],[16.6143199,49.2180197],[16.6143257,49.2180167]]],"type":"Polygon"},"properties":{"areaM2":103.2,"category":"roof","code":null,"level":3,"namePrinted":null,"spaceId":"3:55"},"type":"Feature"},{"geometry":{"coordinates":[[[16.6140928,49.2180849],[16.6141254,49.2180788],[16.6141311,49.2180791],[16.6141339,49.2180807],[16.6141391,49.2180891],[16.6141433,49.2180993],[16.6141425,49.2181025],[16.6141354,49.2181056],[16.6141037,49.2181122],[16.6140975,49.2181121],[16.6140947,49.2181104],[16.6140873,49.2180955],[16.6140873,49.2180882],[16.6140891,49.2180863],[16.6140928,49.2180849]]],"type":"Polygon"},"properties":{"areaM2":11.2,"category":"dorm?","code":null,"level":3,"namePrinted":null,"spaceId":"3:57"},"type":"Feature"},{"geometry":{"coordinates":[[[16.6141525,49.218074],[16.614293,49.2180477],[16.6142968,49.2180489],[16.6142997,49.2180527],[16.6143172,49.2180896],[16.6143158,49.2180917],[16.6143125,49.2180934],[16.6142901,49.2180983],[16.6142844,49.2181009],[16.6141802,49.2181254],[16.6141747,49.2181259],[16.6141698,49.2181238],[16.6141662,49.2181186],[16.6141474,49.2180805],[16.6141479,49.2180764],[16.6141525,49.218074]]],"type":"Polygon"},"properties":{"areaM2":65.1,"category":"roof","code":null,"level":3,"namePrinted":null,"spaceId":"3:58"},"type":"Feature"},{"geometry":{"coordinates":[[[16.613944,49.2181487],[16.6139768,49.2181418],[16.6139799,49.218142],[16.6139846,49.2181437],[16.6139926,49.218142],[16.6139958,49.2181421],[16.6139989,49.2181433],[16.6140015,49.218146],[16.614024,49.2181412],[16.6140273,49.2181417],[16.6140302,49.2181433],[16.614034,49.2181514],[16.6140292,49.2181575],[16.614028,49.2181618],[16.6140242,49.218164],[16.6139581,49.2181792],[16.6139547,49.2181787],[16.6139519,49.2181771],[16.6139424,49.2181613],[16.6139394,49.2181526],[16.6139408,49.2181504],[16.613944,49.2181487]]],"type":"Polygon"},"properties":{"areaM2":19.7,"category":null,"code":null,"level":3,"namePrinted":null,"spaceId":"3:60"},"type":"Feature"},{"geometry":{"coordinates":[[[16.6141066,49.2181144],[16.6141388,49.2181076],[16.6141449,49.2181078],[16.6141478,49.2181094],[16.6141551,49.2181218],[16.6141579,49.2181282],[16.6141571,49.2181314],[16.6141533,49.2181336],[16.6141264,49.21814],[16.6141196,49.2181398],[16.6141153,49.2181373],[16.6141093,49.2181359],[16.6141065,49.2181343],[16.6140992,49.2181206],[16.6141005,49.2181168],[16.6141066,49.2181144]]],"type":"Polygon"},"properties":{"areaM2":11.0,"category":"dorm?","code":null,"level":3,"namePrinted":null,"spaceId":"3:62"},"type":"Feature"},{"geometry":{"coordinates":[[[16.6139664,49.2181804],[16.6140387,49.2181635],[16.6140442,49.2181644],[16.6140481,49.2181687],[16.6140575,49.2181639],[16.6140702,49.2181638],[16.6140688,49.2181596],[16.6140702,49.2181571],[16.6140774,49.2181544],[16.6140824,49.2181542],[16.6140864,49.2181562],[16.6141155,49.2182041],[16.6141152,49.2182065],[16.6141126,49.2182088],[16.6141052,49.218211],[16.6140998,49.21821],[16.6140957,49.2182059],[16.6140865,49.2182116],[16.6140736,49.2182118],[16.614069,49.2182109],[16.6140651,49.2182079],[16.6140613,49.2182018],[16.6140614,49.2182],[16.6140517,49.2181863],[16.6140517,49.2181845],[16.6140484,49.218179],[16.6140466,49.2181787],[16.6140047,49.2181898],[16.6140003,49.218193],[16.6139913,49.2181952],[16.6139867,49.2181946],[16.6139841,49.2181953],[16.6139815,49.2181978],[16.613973,49.2182003],[16.6139665,49.2182002],[16.6139626,49.2181983],[16.6139562,49.218186],[16.6139585,49.2181828],[16.6139664,49.2181804]]],"type":"Polygon"},"properties":{"areaM2":33.4,"category":null,"code":null,"level":3,"namePrinted":null,"spaceId":"3:64"},"type":"Feature"},{"geometry":{"coordinates":[[[16.6141032,49.2181481],[16.6141105,49.2181481],[16.6141174,49.2181465],[16.6141213,49.2181441],[16.6141435,49.2181388],[16.6141476,49.2181385],[16.6141509,49.2181394],[16.6141549,49.2181445],[16.6141596,49.218154],[16.6141668,49.2181532],[16.6141718,49.2181545],[16.6141795,49.2181659],[16.6141789,49.2181699],[16.6141723,49.2181728],[16.6141717,49.218174],[16.61418,49.2181859],[16.6141787,49.2181896],[16.6141755,49.2181913],[16.6141309,49.2182039],[16.6141268,49.2182042],[16.6141235,49.2182033],[16.6140942,49.2181561],[16.6140955,49.2181523],[16.6141032,49.2181481]]],"type":"Polygon"},"properties":{"areaM2":30.1,"category":null,"code":null,"level":3,"namePrinted":null,"spaceId":"3:67"},"type":"Feature"},{"geometry":{"coordinates":[[[16.6140379,49.2181856],[16.6140429,49.2181854],[16.6140469,49.2181873],[16.6140607,49.2182107],[16.6140593,49.2182133],[16.6140561,49.2182149],[16.6140345,49.2182202],[16.6140312,49.2182197],[16.6140283,49.2182181],[16.6140145,49.2181948],[16.6140174,49.2181912],[16.6140379,49.2181856]]],"type":"Polygon"},"properties":{"areaM2":8.5,"category":null,"code":null,"level":3,"namePrinted":null,"spaceId":"3:74"},"type":"Feature"},{"geometry":{"coordinates":[[[16.6143079,49.2177256],[16.614313,49.2177254],[16.6143169,49.2177273],[16.6143236,49.2177381],[16.6143412,49.2177346],[16.6143576,49.2177332],[16.6143855,49.2177347],[16.6143979,49.217737],[16.6144133,49.2177414],[16.6144363,49.2177516],[16.6144493,49.2177607],[16.6144582,49.2177692],[16.6144626,49.2177744],[16.6144695,49.2177869],[16.6144729,49.2177983],[16.6144732,49.2178072],[16.6144723,49.2178159],[16.6144679,49.2178275],[16.6144641,49.2178344],[16.614456,49.2178443],[16.6144413,49.2178564],[16.6144243,49.2178657],[16.6144112,49.2178706],[16.6143972,49.2178743],[16.6143824,49.2178769],[16.6143711,49.2178777],[16.6142385,49.217885],[16.6142357,49.2178839],[16.6142335,49.2178813],[16.6142297,49.2178346],[16.6142297,49.2178009],[16.6142311,49.2177909],[16.6142338,49.2177831],[16.6142453,49.2177639],[16.6142615,49.2177485],[16.6142783,49.2177374],[16.6142948,49.2177299],[16.6143079,49.2177256]]],"type":"Polygon"},"properties":{"areaM2":251.0,"category":"roof","code":null,"level":3,"namePrinted":null,"spaceId":"3:8"},"type":"Feature"},{"geometry":{"coordinates":[[[16.6144498,49.2181166],[16.6144549,49.2181165],[16.6144592,49.2181185],[16.6144726,49.2181386],[16.6145012,49.2181755],[16.6144797,49.2182386],[16.6144768,49.2182412],[16.6144702,49.2182434],[16.6144345,49.2182382],[16.61443,49.2182358],[16.6143926,49.2181917],[16.6143601,49.2181461],[16.6143609,49.2181429],[16.6143647,49.2181407],[16.6144498,49.2181166]]],"type":"Polygon"},"properties":{"areaM2":88.9,"category":"roof","code":null,"level":3,"namePrinted":null,"spaceId":"3:83"},"type":"Feature"},{"geometry":{"coordinates":[[[16.6143194,49.2181567],[16.6143256,49.2181569],[16.6143488,49.2181503],[16.6143542,49.2181512],[16.6143792,49.2181847],[16.6143817,49.2181886],[16.6143809,49.2181918],[16.6143757,49.2181946],[16.6142521,49.218236],[16.6142472,49.218237],[16.6142427,49.218236],[16.6142367,49.2182292],[16.6142155,49.2181995],[16.6142105,49.2181915],[16.6142113,49.2181883],[16.614217,49.2181854],[16.6143194,49.2181567]]],"type":"Polygon"},"properties":{"areaM2":66.1,"category":"roof","code":null,"level":3,"namePrinted":null,"spaceId":"3:84"},"type":"Feature"},{"geometry":{"coordinates":[[[16.6141886,49.2181923],[16.6141937,49.2181922],[16.6141976,49.2181941],[16.6142065,49.2182065],[16.6142097,49.2182122],[16.6142094,49.2182146],[16.6142075,49.2182165],[16.6142034,49.2182182],[16.6141739,49.2182273],[16.614167,49.2182279],[16.6141621,49.218225],[16.614153,49.2182127],[16.6141518,49.2182099],[16.6141525,49.2182045],[16.6141543,49.2182027],[16.6141585,49.218201],[16.6141886,49.2181923]]],"type":"Polygon"},"properties":{"areaM2":11.3,"category":"dorm?","code":null,"level":3,"namePrinted":null,"spaceId":"3:85"},"type":"Feature"},{"geometry":{"coordinates":[[[16.6140632,49.2182279],[16.6140673,49.2182276],[16.6140706,49.2182285],[16.6140749,49.2182311],[16.6140762,49.2182346],[16.6140726,49.2182381],[16.6140561,49.2182429],[16.6140555,49.2182439],[16.6140584,49.218249],[16.6140558,49.2182535],[16.614069,49.2182725],[16.6140738,49.2182728],[16.6140777,49.2182747],[16.6140855,49.2182848],[16.6140869,49.2182886],[16.6140855,49.2182907],[16.6140816,49.2182928],[16.6140449,49.2183049],[16.614038,49.2183056],[16.6140341,49.2183036],[16.6140256,49.218294],[16.6140088,49.2182692],[16.6140047,49.2182656],[16.6139962,49.2182495],[16.6139985,49.2182467],[16.6140039,49.2182447],[16.6140632,49.2182279]]],"type":"Polygon"},"properties":{"areaM2":32.0,"category":null,"code":null,"level":3,"namePrinted":null,"spaceId":"3:88"},"type":"Feature"},{"geometry":{"coordinates":[[[16.6142079,49.21822],[16.6142129,49.2182198],[16.6142169,49.2182218],[16.6142287,49.2182375],[16.6142296,49.2182418],[16.6142264,49.2182445],[16.6142219,49.2182461],[16.6141955,49.2182549],[16.6141894,49.2182553],[16.6141802,49.2182506],[16.61417,49.2182357],[16.6141703,49.2182332],[16.6141721,49.2182313],[16.6141762,49.2182296],[16.6142079,49.21822]]],"type":"Polygon"},"properties":{"areaM2":11.3,"category":"dorm?","code":null,"level":3,"namePrinted":null,"spaceId":"3:89"},"type":"Feature"},{"geometry":{"coordinates":[[[16.6138627,49.2178441],[16.6138962,49.2178433],[16.6139012,49.2178446],[16.6139035,49.2178472],[16.6139054,49.2178532],[16.6139039,49.2178562],[16.6139052,49.21787],[16.6139029,49.2178727],[16.6138981,49.2178742],[16.61387,49.2178753],[16.6138645,49.2178752],[16.6138613,49.2178741],[16.6138589,49.2178711],[16.6138568,49.2178576],[16.613858,49.2178472],[16.6138627,49.2178441]]],"type":"Polygon"},"properties":{"areaM2":11.5,"category":"dorm?","code":null,"level":3,"namePrinted":null,"spaceId":"3:9"},"type":"Feature"},{"geometry":{"coordinates":[[[16.6141132,49.2182498],[16.6141212,49.218249],[16.6141261,49.2182511],[16.6141368,49.2182653],[16.6141407,49.2182673],[16.6141417,49.2182718],[16.6141444,49.2182756],[16.6141488,49.2182779],[16.6141504,49.2182828],[16.6141613,49.218297],[16.6141605,49.2183002],[16.6141543,49.2183038],[16.6141464,49.2183047],[16.6141415,49.2183027],[16.6141307,49.2182892],[16.6141256,49.2182864],[16.6141246,49.2182819],[16.6141184,49.2182738],[16.6141136,49.2182709],[16.6141124,49.2182691],[16.6141129,49.2182664],[16.6141058,49.2182555],[16.6141073,49.2182529],[16.6141132,49.2182498]]],"type":"Polygon"},"properties":{"areaM2":10.6,"category":"dorm?","code":null,"level":3,"namePrinted":null,"spaceId":"3:90"},"type":"Feature"},{"geometry":{"coordinates":[[[16.6143823,49.218199],[16.6143874,49.2181988],[16.6143917,49.2182009],[16.6144055,49.2182183],[16.6144459,49.2182624],[16.6144877,49.2183029],[16.6145092,49.2183214],[16.6145104,49.2183243],[16.614509,49.2183268],[16.6144938,49.2183347],[16.6144892,49.2183351],[16.6144854,49.2183339],[16.6144641,49.2183157],[16.6144206,49.2182739],[16.6143791,49.2182281],[16.6143653,49.2182111],[16.6143638,49.2182077],[16.6143667,49.2182041],[16.6143823,49.218199]]],"type":"Polygon"},"properties":{"areaM2":37.8,"category":"roof","code":null,"level":3,"namePrinted":null,"spaceId":"3:93"},"type":"Feature"},{"geometry":{"coordinates":[[[16.6143499,49.2182098],[16.614355,49.2182097],[16.6143589,49.2182116],[16.6143905,49.2182493],[16.6144154,49.2182762],[16.6144374,49.218298],[16.614481,49.2183381],[16.6144807,49.2183405],[16.6144785,49.2183427],[16.614453,49.2183559],[16.6144479,49.218357],[16.6144433,49.218356],[16.6144406,49.218353],[16.6144428,49.2183415],[16.6144305,49.2183304],[16.614409,49.218328],[16.6143915,49.2183361],[16.6143884,49.2183506],[16.6144004,49.2183617],[16.6144201,49.218364],[16.6144229,49.2183656],[16.6144241,49.2183685],[16.6144207,49.2183724],[16.6143933,49.2183864],[16.6143889,49.2183876],[16.6143831,49.2183866],[16.6143757,49.2183814],[16.6143708,49.218376],[16.6143449,49.2183538],[16.6143438,49.2183515],[16.6143276,49.2183362],[16.6143235,49.2183335],[16.6143024,49.2183103],[16.6142954,49.2183044],[16.6142791,49.2182849],[16.6142724,49.2182789],[16.6142624,49.2182659],[16.6142503,49.2182526],[16.6142478,49.2182477],[16.6142486,49.2182445],[16.614253,49.218242],[16.6143499,49.2182098]]],"type":"Polygon"},"properties":{"areaM2":151.9,"category":"void","code":null,"level":3,"namePrinted":null,"spaceId":"3:94"},"type":"Feature"},{"geometry":{"coordinates":[[[16.6142286,49.2182471],[16.6142337,49.2182469],[16.6142376,49.2182488],[16.6142457,49.2182574],[16.6142513,49.2182661],[16.614251,49.2182685],[16.6142483,49.218271],[16.6142179,49.2182821],[16.6142124,49.2182836],[16.6142093,49.2182834],[16.6142054,49.2182815],[16.6141946,49.218269],[16.6141932,49.2182668],[16.6141931,49.2182603],[16.6141974,49.2182574],[16.6142286,49.2182471]]],"type":"Polygon"},"properties":{"areaM2":11.3,"category":"dorm?","code":null,"level":3,"namePrinted":null,"spaceId":"3:96"},"type":"Feature"},{"geometry":{"coordinates":[[[16.6140743,49.2182985],[16.6140804,49.2182986],[16.6140871,49.218303],[16.6140895,49.2183084],[16.6140984,49.2183189],[16.6140997,49.2183223],[16.6140983,49.2183245],[16.6140944,49.2183265],[16.6140692,49.2183354],[16.6140631,49.2183362],[16.6140593,49.2183351],[16.6140523,49.2183286],[16.6140432,49.2183159],[16.6140414,49.2183116],[16.6140453,49.218308],[16.6140743,49.2182985]]],"type":"Polygon"},"properties":{"areaM2":11.5,"category":"dorm?","code":null,"level":3,"namePrinted":null,"spaceId":"3:99"},"type":"Feature"},{"geometry":{"coordinates":[[[16.6144359,49.2184595],[16.6144353,49.2184599],[16.6144349,49.2184603],[16.6144345,49.2184608],[16.6144342,49.2184612],[16.6144339,49.2184617],[16.6144337,49.2184622],[16.6144336,49.2184627],[16.6144336,49.2184632],[16.6144336,49.2184638],[16.6144337,49.2184643],[16.6144339,49.2184648],[16.6144342,49.2184652],[16.6144345,49.2184657],[16.6144349,49.2184662],[16.6144353,49.2184666],[16.6144358,49.218467],[16.6145133,49.2185202],[16.6145139,49.2185206],[16.6145146,49.2185209],[16.6145153,49.2185212],[16.6145161,49.2185214],[16.6145169,49.2185216],[16.6145171,49.2185217],[16.6145172,49.2185217],[16.614528,49.2185281],[16.6145281,49.2185282],[16.6145282,49.2185284],[16.6145282,49.2185286],[16.6145283,49.2185291],[16.6145285,49.2185296],[16.6145287,49.2185301],[16.614529,49.2185306],[16.6145294,49.2185311],[16.6145299,49.2185315],[16.6145304,49.2185319],[16.6145437,49.2185409],[16.6145442,49.2185412],[16.6145449,49.2185415],[16.6145455,49.2185418],[16.6145462,49.218542],[16.614547,49.2185422],[16.6145477,49.2185424],[16.6145485,49.2185425],[16.6145493,49.2185425],[16.6145501,49.2185425],[16.6145506,49.2185425],[16.6145506,49.2185425],[16.6145515,49.2185424],[16.6145523,49.2185423],[16.614553,49.2185421],[16.6145538,49.2185419],[16.6145545,49.2185417],[16.6145552,49.2185413],[16.6145558,49.218541],[16.6145564,49.2185406],[16.6145569,49.2185402],[16.6145573,49.2185397],[16.6145577,49.2185392],[16.614558,49.2185387],[16.6145582,49.2185382],[16.6145582,49.218538],[16.6145583,49.2185378],[16.6145584,49.2185377],[16.6146071,49.2185017],[16.6146074,49.2185015],[16.6146136,49.2184964],[16.6146141,49.218496],[16.6146145,49.2184955],[16.6146148,49.2184951],[16.6146151,49.2184946],[16.6146153,49.218494],[16.6146154,49.2184935],[16.6146154,49.218493],[16.6146154,49.2184925],[16.6146153,49.218492],[16.6146151,49.2184915],[16.6146148,49.218491],[16.6146145,49.2184905],[16.6146141,49.21849],[16.6146136,49.2184896],[16.614613,49.2184892],[16.6146125,49.2184889],[16.6146118,49.2184886],[16.6146111,49.2184883],[16.6146104,49.2184881],[16.6146083,49.2184875],[16.6146081,49.2184874],[16.6146081,49.2184873],[16.6146081,49.2184862],[16.6146081,49.218486],[16.6146082,49.2184859],[16.6146099,49.2184846],[16.6146104,49.2184841],[16.6146108,49.2184837],[16.6146111,49.2184832],[16.6146114,49.2184827],[16.6146116,49.2184821],[16.6146117,49.2184816],[16.6146117,49.218481],[16.6146117,49.2184805],[16.6146115,49.21848],[16.6146113,49.2184794],[16.614611,49.2184789],[16.6146109,49.2184788],[16.614611,49.2184787],[16.6146122,49.2184775],[16.6146127,49.2184771],[16.6146131,49.2184766],[16.6146134,49.2184761],[16.6146136,49.2184756],[16.6146137,49.2184751],[16.6146138,49.2184745],[16.6146138,49.218474],[16.6146136,49.2184735],[16.6146135,49.2184729],[16.6146132,49.2184724],[16.6146129,49.218472],[16.6146125,49.2184715],[16.614612,49.2184711],[16.6146114,49.2184707],[16.6145844,49.2184524],[16.6145838,49.2184521],[16.6145831,49.2184517],[16.6145824,49.2184514],[16.6145817,49.2184512],[16.6145809,49.218451],[16.6145801,49.2184509],[16.6145793,49.2184508],[16.6145785,49.2184508],[16.6145777,49.2184508],[16.6145769,49.2184509],[16.6145761,49.218451],[16.6145753,49.2184512],[16.6145746,49.2184514],[16.6145739,49.2184517],[16.6145732,49.218452],[16.6145726,49.2184524],[16.6145722,49.2184526],[16.6145704,49.2184537],[16.6145702,49.2184538],[16.61457,49.2184538],[16.6145683,49.2184535],[16.6145681,49.2184535],[16.6145679,49.2184534],[16.6145213,49.2184217],[16.6145207,49.2184213],[16.6145201,49.218421],[16.6145194,49.2184207],[16.6145187,49.2184205],[16.614518,49.2184203],[16.6145172,49.2184202],[16.6145164,49.2184201],[16.6145156,49.21842],[16.6145152,49.21842],[16.6145151,49.2184199],[16.6145118,49.2184175],[16.6145112,49.2184171],[16.6145106,49.2184167],[16.6145099,49.2184164],[16.6145092,49.2184162],[16.6145085,49.218416],[16.6145077,49.2184158],[16.6145069,49.2184157],[16.6145061,49.2184156],[16.6145053,49.2184156],[16.6145045,49.2184157],[16.6145037,49.2184158],[16.6145029,49.2184159],[16.6145022,49.2184161],[16.6145015,49.2184164],[16.6145008,49.2184167],[16.6145001,49.218417],[16.6144881,49.218424],[16.6144876,49.2184243],[16.6144359,49.2184595]]],"type":"Polygon"},"properties":{"areaM2":101.3,"category":"teaching","code":"N2024","level":1,"namePrinted":null,"spaceId":"hall:Z14"},"type":"Feature"},{"geometry":{"coordinates":[[[16.6146285,49.2184935],[16.6146326,49.2184931],[16.614636,49.2184939],[16.614699,49.2185272],[16.6147034,49.2185268],[16.6147073,49.2185279],[16.6147099,49.2185305],[16.6147101,49.2185325],[16.6147126,49.2185338],[16.6147335,49.2185436],[16.6147391,49.2185435],[16.6147419,49.2185445],[16.6147445,49.2185472],[16.6147456,49.2185507],[16.6147428,49.2185563],[16.6147508,49.2185579],[16.6147537,49.2185607],[16.6147526,49.2185647],[16.6147044,49.2186121],[16.614701,49.2186152],[16.6146934,49.2186195],[16.6146873,49.2186195],[16.6146743,49.2186138],[16.6146714,49.2186098],[16.614674,49.2186048],[16.6146621,49.2185992],[16.6146596,49.2185991],[16.6146556,49.2186018],[16.6146505,49.2186022],[16.6146352,49.2185953],[16.6146324,49.2185915],[16.6146353,49.2185864],[16.6146258,49.2185816],[16.6146233,49.2185816],[16.6146195,49.218584],[16.6146144,49.2185844],[16.6145996,49.2185773],[16.6145968,49.2185735],[16.6145997,49.2185681],[16.6145868,49.2185615],[16.6145846,49.2185615],[16.6145791,49.2185643],[16.6145745,49.2185639],[16.6145618,49.2185572],[16.6145587,49.2185543],[16.6145592,49.2185511],[16.6145619,49.2185488],[16.6145612,49.2185453],[16.6145624,49.2185431],[16.6146285,49.2184935]]],"type":"Polygon"},"properties":{"areaM2":105.9,"category":"teaching","code":"N2028","level":1,"namePrinted":null,"spaceId":"hall:Z15"},"type":"Feature"}],"type":"FeatureCollection"}